,Mutations,Labels,Maximum prevalence (%),Change in prevalence (Fin - Start)(%),Change in prevalence (All)(%),Initial prevalence,Percentage by period,Gene,AA Mutations
0,G278A,G278A (nsp1: V5I),13.333333333333334,0.0,13.333333333333334,0.0,"[0.0, 0.0, 13.333333333333334, 2.127659574468085, 2.272727272727273, 2.5974025974025974, 6.557377049180328, 0.0, 0.0, 0.0, 0.0, 0.0, 0.0, 0.0, 0.0]",nsp1,V5I
1,C384T,C384T (nsp1: S40L),1.2820512820512822,0.0,1.2820512820512822,0.0,"[0.0, 0.0, 0.0, 0.0, 0.0, 0.0, 0.0, 0.0, 1.2820512820512822, 0.0, 0.0, 0.0, 0.0, 0.0, 0.0]",nsp1,S40L
2,A435G,A435G (nsp1: E57G),5.128205128205129,0.0,5.128205128205129,0.0,"[0.0, 0.0, 0.0, 0.0, 0.0, 0.0, 0.0, 0.0, 5.128205128205129, 0.0, 4.477611940298507, 3.1746031746031744, 1.2195121951219512, 0.0, 0.0]",nsp1,E57G
3,A438G,A438G (nsp1: K58R),1.492537313432836,0.0,1.492537313432836,0.0,"[0.0, 0.0, 0.0, 0.0, 0.0, 0.0, 0.0, 0.0, 0.0, 0.0, 1.492537313432836, 0.0, 0.0, 0.0, 0.0]",nsp1,K58R
4,G470A,G470A (nsp1: V69M),1.2820512820512822,0.0,1.2820512820512822,0.0,"[0.0, 0.0, 0.0, 0.0, 0.0, 0.0, 0.0, 0.0, 1.2820512820512822, 0.0, 0.0, 0.0, 0.0, 0.0, 0.0]",nsp1,V69M
5,G614T,G614T (nsp1: A117S),2.9411764705882355,0.0,2.9411764705882355,0.0,"[0.0, 0.0, 0.0, 0.0, 0.0, 0.0, 0.0, 0.0, 0.0, 0.0, 0.0, 0.0, 0.0, 2.9411764705882355, 0.0]",nsp1,A117S
6,C690T,C690T (nsp1: S142L),1.639344262295082,0.0,1.639344262295082,0.0,"[0.0, 0.0, 0.0, 0.0, 0.0, 0.0, 0.0, 0.0, 0.0, 1.639344262295082, 0.0, 0.0, 0.0, 0.0, 0.0]",nsp1,S142L
7,G845T,G845T (nsp2: D14Y),2.127659574468085,0.0,2.127659574468085,0.0,"[0.0, 0.0, 0.0, 2.127659574468085, 0.0, 0.0, 0.0, 0.0, 0.0, 0.0, 0.0, 0.0, 0.0, 0.0, 0.0]",nsp2,D14Y
8,G1043A,G1043A (nsp2: A80T),1.2195121951219512,0.0,1.2195121951219512,0.0,"[0.0, 0.0, 0.0, 0.0, 0.0, 0.0, 0.0, 0.0, 0.0, 0.0, 0.0, 0.0, 1.2195121951219512, 0.0, 0.0]",nsp2,A80T
9,T1073C,T1073C (nsp2: C90R),7.936507936507937,0.0,7.936507936507937,0.0,"[0.0, 0.0, 0.0, 0.0, 0.0, 0.0, 0.0, 0.0, 0.0, 4.918032786885246, 7.462686567164179, 7.936507936507937, 6.097560975609756, 2.9411764705882355, 0.0]",nsp2,C90R
10,T1094A,T1094A (nsp2: L97I),0.0,0.0,0.0,0.0,"[0.0, 0.0, 0.0, 0.0, 0.0, 0.0, 0.0, 0.0, 0.0, 0.0, 0.0, 0.0, 0.0, 0.0, 0.0]",nsp2,L97I
11,T1155A,T1155A (nsp2: M117K),1.639344262295082,0.0,1.639344262295082,0.0,"[0.0, 0.0, 0.0, 0.0, 0.0, 0.0, 0.0, 0.0, 0.0, 1.639344262295082, 0.0, 0.0, 0.0, 0.0, 0.0]",nsp2,M117K
12,C1191T,C1191T (nsp2: P129L),6.557377049180328,0.0,6.557377049180328,0.0,"[0.0, 0.0, 0.0, 0.0, 0.0, 2.5974025974025974, 0.0, 0.0, 0.0, 6.557377049180328, 0.0, 0.0, 0.0, 0.0, 0.0]",nsp2,P129L
13,A1202G,A1202G (nsp2: N133D),1.2195121951219512,0.0,1.2195121951219512,0.0,"[0.0, 0.0, 0.0, 0.0, 0.0, 0.0, 0.0, 0.0, 0.0, 0.0, 0.0, 0.0, 1.2195121951219512, 0.0, 0.0]",nsp2,N133D
14,G1298A,G1298A (nsp2: G165S),1.639344262295082,0.0,1.639344262295082,0.0,"[0.0, 0.0, 0.0, 0.0, 0.0, 0.0, 1.639344262295082, 0.0, 0.0, 0.0, 0.0, 0.0, 0.0, 0.0, 0.0]",nsp2,G165S
15,C1376T,C1376T (nsp2: P191S),2.9411764705882355,0.0,2.9411764705882355,0.0,"[0.0, 0.0, 0.0, 0.0, 0.0, 0.0, 0.0, 0.0, 0.0, 0.0, 0.0, 0.0, 1.2195121951219512, 2.9411764705882355, 0.0]",nsp2,P191S
16,C1392T,C1392T (nsp2: S196L),3.278688524590164,0.0,3.278688524590164,0.0,"[0.0, 0.0, 0.0, 0.0, 0.0, 1.2987012987012987, 3.278688524590164, 1.5384615384615385, 0.0, 0.0, 0.0, 0.0, 0.0, 0.0, 0.0]",nsp2,S196L
17,C1514T,C1514T (nsp2: H237Y),2.4390243902439024,0.0,2.4390243902439024,0.0,"[0.0, 0.0, 0.0, 0.0, 0.0, 0.0, 0.0, 0.0, 0.0, 0.0, 0.0, 0.0, 2.4390243902439024, 0.0, 0.0]",nsp2,H237Y
18,A1515G,A1515G (nsp2: H237R),2.4390243902439024,0.0,2.4390243902439024,0.0,"[0.0, 0.0, 0.0, 0.0, 0.0, 0.0, 0.0, 0.0, 0.0, 0.0, 0.0, 0.0, 2.4390243902439024, 0.0, 0.0]",nsp2,H237R
19,C1670T,C1670T (nsp2: L289F),13.333333333333334,0.0,13.333333333333334,0.0,"[0.0, 0.0, 13.333333333333334, 2.127659574468085, 2.272727272727273, 2.5974025974025974, 6.557377049180328, 0.0, 0.0, 0.0, 0.0, 0.0, 0.0, 0.0, 0.0]",nsp2,L289F
20,A1787G,A1787G (nsp2: N328D),1.492537313432836,0.0,1.492537313432836,0.0,"[0.0, 0.0, 0.0, 0.0, 0.0, 0.0, 0.0, 0.0, 0.0, 0.0, 1.492537313432836, 0.0, 0.0, 0.0, 0.0]",nsp2,N328D
21,G1820A,G1820A (nsp2: G339S),1.639344262295082,0.0,1.639344262295082,0.0,"[0.0, 0.0, 0.0, 0.0, 0.0, 0.0, 0.0, 0.0, 0.0, 1.639344262295082, 1.492537313432836, 0.0, 0.0, 0.0, 0.0]",nsp2,G339S
22,C1968T,C1968T (nsp2: T388I),2.9411764705882355,0.0,2.9411764705882355,0.0,"[0.0, 0.0, 0.0, 0.0, 0.0, 0.0, 0.0, 0.0, 0.0, 0.0, 0.0, 0.0, 0.0, 2.9411764705882355, 0.0]",nsp2,T388I
23,C2040T,C2040T (nsp2: T412I),1.5873015873015872,0.0,1.5873015873015872,0.0,"[0.0, 0.0, 0.0, 0.0, 0.0, 0.0, 0.0, 0.0, 0.0, 0.0, 0.0, 1.5873015873015872, 0.0, 0.0, 0.0]",nsp2,T412I
24,G2059A,G2059A (nsp2: M418I),1.2195121951219512,0.0,1.2195121951219512,0.0,"[0.0, 0.0, 0.0, 0.0, 0.0, 0.0, 0.0, 0.0, 0.0, 0.0, 0.0, 0.0, 1.2195121951219512, 0.0, 0.0]",nsp2,M418I
25,C2061T,C2061T (nsp2: A419V),2.985074626865672,0.0,2.985074626865672,0.0,"[0.0, 0.0, 0.0, 0.0, 0.0, 0.0, 0.0, 0.0, 0.0, 0.0, 2.985074626865672, 0.0, 0.0, 0.0, 0.0]",nsp2,A419V
26,T2067C,T2067C (nsp2: I421T),6.666666666666667,0.0,6.666666666666667,0.0,"[0.0, 0.0, 6.666666666666667, 2.127659574468085, 2.272727272727273, 0.0, 0.0, 0.0, 0.0, 0.0, 0.0, 0.0, 0.0, 0.0, 0.0]",nsp2,I421T
27,G2273A,G2273A (nsp2: E490K),1.492537313432836,0.0,1.492537313432836,0.0,"[0.0, 0.0, 0.0, 0.0, 0.0, 0.0, 0.0, 0.0, 0.0, 0.0, 1.492537313432836, 0.0, 0.0, 0.0, 0.0]",nsp2,E490K
28,T2300C,T2300C (nsp2: F499L),1.5384615384615385,0.0,1.5384615384615385,0.0,"[0.0, 0.0, 0.0, 0.0, 0.0, 0.0, 0.0, 1.5384615384615385, 0.0, 0.0, 0.0, 0.0, 0.0, 0.0, 0.0]",nsp2,F499L
29,A2316G,A2316G (nsp2: K504R),8.823529411764707,0.0,8.823529411764707,0.0,"[0.0, 0.0, 0.0, 0.0, 0.0, 0.0, 0.0, 0.0, 0.0, 0.0, 0.0, 0.0, 2.4390243902439024, 8.823529411764707, 0.0]",nsp2,K504R
30,G2418C,G2418C (nsp2: R538T),1.5384615384615385,0.0,1.5384615384615385,0.0,"[0.0, 0.0, 0.0, 0.0, 0.0, 0.0, 0.0, 1.5384615384615385, 0.0, 0.0, 0.0, 0.0, 0.0, 0.0, 0.0]",nsp2,R538T
31,G2447T,G2447T (nsp2: G548C),4.918032786885246,0.0,4.918032786885246,0.0,"[0.0, 0.0, 0.0, 0.0, 0.0, 0.0, 4.918032786885246, 0.0, 0.0, 0.0, 0.0, 0.0, 0.0, 0.0, 0.0]",nsp2,G548C
32,C2508T,C2508T (nsp2: P568L),1.2987012987012987,0.0,1.2987012987012987,0.0,"[0.0, 0.0, 0.0, 0.0, 0.0, 1.2987012987012987, 0.0, 0.0, 0.0, 0.0, 0.0, 0.0, 0.0, 0.0, 0.0]",nsp2,P568L
33,C2523T,C2523T (nsp2: T573I),1.5384615384615385,0.0,1.5384615384615385,0.0,"[0.0, 0.0, 0.0, 0.0, 0.0, 0.0, 0.0, 1.5384615384615385, 0.0, 0.0, 0.0, 0.0, 0.0, 0.0, 0.0]",nsp2,T573I
34,C2574T,C2574T (nsp2: T590I),1.639344262295082,0.0,1.639344262295082,0.0,"[0.0, 0.0, 0.0, 0.0, 0.0, 0.0, 1.639344262295082, 0.0, 0.0, 0.0, 0.0, 0.0, 0.0, 0.0, 0.0]",nsp2,T590I
35,C2583T,C2583T (nsp2: A593V),1.639344262295082,0.0,1.639344262295082,0.0,"[0.0, 0.0, 0.0, 0.0, 0.0, 0.0, 0.0, 0.0, 0.0, 1.639344262295082, 0.0, 0.0, 0.0, 0.0, 0.0]",nsp2,A593V
36,C2594T,C2594T (nsp2: P597S),6.666666666666667,0.0,6.666666666666667,0.0,"[0.0, 0.0, 6.666666666666667, 6.382978723404255, 2.272727272727273, 0.0, 0.0, 0.0, 0.0, 0.0, 0.0, 0.0, 0.0, 0.0, 0.0]",nsp2,P597S
37,C2607T,C2607T (nsp2: T601I),1.2820512820512822,0.0,1.2820512820512822,0.0,"[0.0, 0.0, 0.0, 0.0, 0.0, 0.0, 0.0, 0.0, 1.2820512820512822, 0.0, 0.0, 0.0, 0.0, 0.0, 0.0]",nsp2,T601I
38,C2675T,C2675T (nsp2: P624S),6.349206349206349,0.0,6.349206349206349,0.0,"[0.0, 0.0, 0.0, 0.0, 0.0, 0.0, 0.0, 0.0, 0.0, 0.0, 1.492537313432836, 6.349206349206349, 0.0, 2.9411764705882355, 0.0]",nsp2,P624S
39,G2687A,G2687A (nsp2: V628I),2.272727272727273,0.0,2.272727272727273,0.0,"[0.0, 0.0, 0.0, 2.127659574468085, 2.272727272727273, 0.0, 0.0, 0.0, 0.0, 0.0, 0.0, 0.0, 0.0, 0.0, 0.0]",nsp2,V628I
40,G2804A,G2804A (nsp3: E29K),6.557377049180328,0.0,6.557377049180328,0.0,"[0.0, 0.0, 0.0, 0.0, 0.0, 0.0, 6.557377049180328, 0.0, 2.5641025641025643, 0.0, 1.492537313432836, 0.0, 0.0, 0.0, 0.0]",nsp3,E29K
41,C2855A,C2855A (nsp3: L46I),2.9411764705882355,0.0,2.9411764705882355,0.0,"[0.0, 0.0, 0.0, 0.0, 0.0, 0.0, 0.0, 0.0, 0.0, 0.0, 0.0, 0.0, 0.0, 2.9411764705882355, 0.0]",nsp3,L46I
42,G3004T,G3004T (nsp3: E95D),1.492537313432836,0.0,1.492537313432836,0.0,"[0.0, 0.0, 0.0, 0.0, 0.0, 0.0, 0.0, 0.0, 0.0, 0.0, 1.492537313432836, 0.0, 0.0, 0.0, 0.0]",nsp3,E95D
43,A3207G,A3207G (nsp3: D163G),1.639344262295082,0.0,1.639344262295082,0.0,"[0.0, 0.0, 0.0, 0.0, 0.0, 0.0, 0.0, 0.0, 0.0, 1.639344262295082, 0.0, 0.0, 0.0, 0.0, 0.0]",nsp3,D163G
44,G3231A,G3231A (nsp3: G171D),1.2195121951219512,0.0,1.2195121951219512,0.0,"[0.0, 0.0, 0.0, 0.0, 0.0, 0.0, 0.0, 0.0, 0.0, 0.0, 0.0, 0.0, 1.2195121951219512, 0.0, 0.0]",nsp3,G171D
45,C3261T,C3261T (nsp3: T181I),4.918032786885246,0.0,4.918032786885246,0.0,"[0.0, 0.0, 0.0, 0.0, 0.0, 2.5974025974025974, 4.918032786885246, 0.0, 0.0, 0.0, 0.0, 0.0, 0.0, 0.0, 0.0]",nsp3,T181I
46,C3393T,C3393T (nsp3: A225V),2.272727272727273,0.0,2.272727272727273,0.0,"[0.0, 0.0, 0.0, 0.0, 2.272727272727273, 0.0, 0.0, 0.0, 0.0, 0.0, 0.0, 0.0, 0.0, 0.0, 0.0]",nsp3,A225V
47,G3692T,G3692T (nsp3: V325F),1.2195121951219512,0.0,1.2195121951219512,0.0,"[0.0, 0.0, 0.0, 0.0, 0.0, 0.0, 0.0, 0.0, 0.0, 0.0, 0.0, 0.0, 1.2195121951219512, 0.0, 0.0]",nsp3,V325F
48,C3773T,C3773T (nsp3: R352C),0.0,0.0,0.0,0.0,"[0.0, 0.0, 0.0, 0.0, 0.0, 0.0, 0.0, 0.0, 0.0, 0.0, 0.0, 0.0, 0.0, 0.0, 0.0]",nsp3,R352C
49,C3777A,C3777A (nsp3: T353K),1.639344262295082,0.0,1.639344262295082,0.0,"[0.0, 0.0, 0.0, 0.0, 0.0, 0.0, 0.0, 0.0, 0.0, 1.639344262295082, 0.0, 0.0, 0.0, 0.0, 0.0]",nsp3,T353K
50,T3836G,T3836G (nsp3: L373V),36.36363636363637,36.36363636363637,36.36363636363637,0.0,"[0.0, 0.0, 0.0, 0.0, 0.0, 1.2987012987012987, 0.0, 0.0, 0.0, 3.278688524590164, 8.955223880597014, 0.0, 1.2195121951219512, 2.9411764705882355, 36.36363636363637]",nsp3,L373V
51,G3880T,G3880T (nsp3: E387D),1.2195121951219512,0.0,1.2195121951219512,0.0,"[0.0, 0.0, 0.0, 0.0, 0.0, 0.0, 0.0, 0.0, 0.0, 0.0, 0.0, 0.0, 1.2195121951219512, 0.0, 0.0]",nsp3,E387D
52,G3890A,G3890A (nsp3: E391K),1.2987012987012987,0.0,1.2987012987012987,0.0,"[0.0, 0.0, 0.0, 0.0, 0.0, 1.2987012987012987, 0.0, 0.0, 0.0, 0.0, 0.0, 0.0, 0.0, 0.0, 0.0]",nsp3,E391K
53,C4010G,C4010G (nsp3: L431V),1.639344262295082,0.0,1.639344262295082,0.0,"[0.0, 0.0, 0.0, 0.0, 0.0, 0.0, 0.0, 0.0, 0.0, 1.639344262295082, 1.492537313432836, 0.0, 0.0, 0.0, 0.0]",nsp3,L431V
54,C4055T,C4055T (nsp3: H446Y),6.557377049180328,0.0,6.557377049180328,0.0,"[0.0, 0.0, 0.0, 0.0, 0.0, 0.0, 6.557377049180328, 0.0, 2.5641025641025643, 0.0, 1.492537313432836, 0.0, 0.0, 0.0, 0.0]",nsp3,H446Y
55,G4105T,G4105T (nsp3: K462N),9.090909090909092,9.090909090909092,9.090909090909092,0.0,"[0.0, 0.0, 0.0, 0.0, 0.0, 0.0, 0.0, 0.0, 0.0, 0.0, 0.0, 0.0, 0.0, 0.0, 9.090909090909092]",nsp3,K462N
56,C4113T,C4113T (nsp3: A465V),1.2987012987012987,0.0,1.2987012987012987,0.0,"[0.0, 0.0, 0.0, 0.0, 0.0, 1.2987012987012987, 0.0, 0.0, 0.0, 0.0, 0.0, 0.0, 0.0, 0.0, 0.0]",nsp3,A465V
57,G4160T,G4160T (nsp3: V481L),1.2987012987012987,0.0,1.2987012987012987,0.0,"[0.0, 0.0, 0.0, 0.0, 0.0, 1.2987012987012987, 0.0, 0.0, 0.0, 0.0, 0.0, 0.0, 0.0, 0.0, 0.0]",nsp3,V481L
58,C4173T,C4173T (nsp3: T485I),1.639344262295082,0.0,1.639344262295082,0.0,"[0.0, 0.0, 0.0, 0.0, 0.0, 0.0, 0.0, 0.0, 0.0, 1.639344262295082, 0.0, 0.0, 0.0, 0.0, 0.0]",nsp3,T485I
59,G4180T,G4180T (nsp3: K487N),1.5384615384615385,0.0,1.5384615384615385,0.0,"[0.0, 0.0, 0.0, 0.0, 0.0, 0.0, 0.0, 1.5384615384615385, 0.0, 0.0, 0.0, 0.0, 0.0, 0.0, 0.0]",nsp3,K487N
60,G4201T,G4201T (nsp3: M494I),1.5873015873015872,0.0,1.5873015873015872,0.0,"[0.0, 0.0, 0.0, 0.0, 0.0, 0.0, 0.0, 0.0, 0.0, 0.0, 0.0, 1.5873015873015872, 0.0, 0.0, 0.0]",nsp3,M494I
61,G4436A,G4436A (nsp3: V573I),1.5873015873015872,0.0,1.5873015873015872,0.0,"[0.0, 0.0, 0.0, 0.0, 0.0, 0.0, 0.0, 0.0, 0.0, 0.0, 0.0, 1.5873015873015872, 0.0, 0.0, 0.0]",nsp3,V573I
62,C4655T,C4655T (nsp3: R646W),3.278688524590164,0.0,3.278688524590164,0.0,"[0.0, 0.0, 0.0, 0.0, 0.0, 2.5974025974025974, 3.278688524590164, 0.0, 0.0, 0.0, 0.0, 0.0, 0.0, 0.0, 0.0]",nsp3,R646W
63,C4752T,C4752T (nsp3: T678I),4.545454545454546,0.0,4.545454545454546,0.0,"[0.0, 0.0, 0.0, 0.0, 4.545454545454546, 0.0, 0.0, 0.0, 0.0, 0.0, 0.0, 0.0, 1.2195121951219512, 0.0, 0.0]",nsp3,T678I
64,C4763T,C4763T (nsp3: H682Y),2.127659574468085,0.0,2.127659574468085,0.0,"[0.0, 0.0, 0.0, 2.127659574468085, 0.0, 0.0, 0.0, 0.0, 0.0, 0.0, 0.0, 0.0, 0.0, 0.0, 0.0]",nsp3,H682Y
65,C4794T,C4794T (nsp3: S692F),1.2987012987012987,0.0,1.2987012987012987,0.0,"[0.0, 0.0, 0.0, 0.0, 0.0, 1.2987012987012987, 0.0, 0.0, 0.0, 0.0, 0.0, 0.0, 0.0, 0.0, 0.0]",nsp3,S692F
66,C4890T,C4890T (nsp3: T724I),3.278688524590164,0.0,3.278688524590164,0.0,"[0.0, 0.0, 0.0, 0.0, 0.0, 0.0, 3.278688524590164, 0.0, 1.2820512820512822, 0.0, 0.0, 0.0, 0.0, 0.0, 0.0]",nsp3,T724I
67,G4925T,G4925T (nsp3: D736Y),21.311475409836067,0.0,21.311475409836067,0.0,"[0.0, 0.0, 0.0, 0.0, 0.0, 1.2987012987012987, 0.0, 0.0, 0.0, 21.311475409836067, 0.0, 0.0, 0.0, 0.0, 0.0]",nsp3,D736Y
68,C4965T,C4965T (nsp3: T749I),68.25396825396825,27.272727272727273,68.25396825396825,0.0,"[0.0, 0.0, 6.666666666666667, 10.638297872340425, 6.818181818181818, 12.987012987012987, 40.98360655737705, 46.15384615384615, 50.0, 22.950819672131146, 53.73134328358209, 68.25396825396825, 47.5609756097561, 47.05882352941177, 27.272727272727273]",nsp3,T749I
69,C5042A,C5042A (nsp3: Q775K),1.2820512820512822,0.0,1.2820512820512822,0.0,"[0.0, 0.0, 0.0, 0.0, 0.0, 0.0, 0.0, 0.0, 1.2820512820512822, 0.0, 0.0, 0.0, 0.0, 0.0, 0.0]",nsp3,Q775K
70,C5102T,C5102T (nsp3: H795Y),4.878048780487805,0.0,4.878048780487805,0.0,"[0.0, 0.0, 0.0, 0.0, 0.0, 0.0, 0.0, 0.0, 0.0, 0.0, 0.0, 0.0, 4.878048780487805, 2.9411764705882355, 0.0]",nsp3,H795Y
71,C5157T,C5157T (nsp3: A813V),1.5873015873015872,0.0,1.5873015873015872,0.0,"[0.0, 0.0, 0.0, 0.0, 0.0, 0.0, 0.0, 0.0, 0.0, 0.0, 0.0, 1.5873015873015872, 0.0, 0.0, 0.0]",nsp3,A813V
72,C5183T,C5183T (nsp3: P822S),1.639344262295082,0.0,1.639344262295082,0.0,"[0.0, 0.0, 0.0, 0.0, 0.0, 0.0, 0.0, 0.0, 0.0, 1.639344262295082, 1.492537313432836, 0.0, 0.0, 0.0, 0.0]",nsp3,P822S
73,G5200C,G5200C (nsp3: R827S),1.5873015873015872,0.0,1.5873015873015872,0.0,"[0.0, 0.0, 0.0, 0.0, 0.0, 0.0, 0.0, 0.0, 0.0, 0.0, 0.0, 1.5873015873015872, 0.0, 0.0, 0.0]",nsp3,R827S
74,T5207G,T5207G (nsp3: S830A),1.5873015873015872,0.0,1.5873015873015872,0.0,"[0.0, 0.0, 0.0, 0.0, 0.0, 0.0, 0.0, 0.0, 0.0, 0.0, 0.0, 1.5873015873015872, 0.0, 0.0, 0.0]",nsp3,S830A
75,C5208A,C5208A (nsp3: S830*),1.5873015873015872,0.0,1.5873015873015872,0.0,"[0.0, 0.0, 0.0, 0.0, 0.0, 0.0, 0.0, 0.0, 0.0, 0.0, 0.0, 1.5873015873015872, 0.0, 0.0, 0.0]",nsp3,S830*
76,C5211A,C5211A (nsp3: A831E),1.5873015873015872,0.0,1.5873015873015872,0.0,"[0.0, 0.0, 0.0, 0.0, 0.0, 0.0, 0.0, 0.0, 0.0, 0.0, 0.0, 1.5873015873015872, 0.0, 0.0, 0.0]",nsp3,A831E
77,T5213G,T5213G (nsp3: L832V),1.5873015873015872,0.0,1.5873015873015872,0.0,"[0.0, 0.0, 0.0, 0.0, 0.0, 0.0, 0.0, 0.0, 0.0, 0.0, 0.0, 1.5873015873015872, 0.0, 0.0, 0.0]",nsp3,L832V
78,T5214C,T5214C (nsp3: L832S),1.5873015873015872,0.0,1.5873015873015872,0.0,"[0.0, 0.0, 0.0, 0.0, 0.0, 0.0, 0.0, 0.0, 0.0, 0.0, 0.0, 1.5873015873015872, 0.0, 0.0, 0.0]",nsp3,L832S
79,C5219G,C5219G (nsp3: H834D),1.5873015873015872,0.0,1.5873015873015872,0.0,"[0.0, 0.0, 0.0, 0.0, 0.0, 0.0, 0.0, 0.0, 0.0, 0.0, 0.0, 1.5873015873015872, 0.0, 0.0, 0.0]",nsp3,H834D
80,C5221A,C5221A (nsp3: H834Q),1.5873015873015872,0.0,1.5873015873015872,0.0,"[0.0, 0.0, 0.0, 0.0, 0.0, 0.0, 0.0, 0.0, 0.0, 0.0, 0.0, 1.5873015873015872, 0.0, 0.0, 0.0]",nsp3,H834Q
81,C5223A,C5223A (nsp3: T835N),1.5873015873015872,0.0,1.5873015873015872,0.0,"[0.0, 0.0, 0.0, 0.0, 0.0, 0.0, 0.0, 0.0, 0.0, 0.0, 0.0, 1.5873015873015872, 0.0, 0.0, 0.0]",nsp3,T835N
82,A5257T,A5257T (nsp3: L846F),1.2820512820512822,0.0,1.2820512820512822,0.0,"[0.0, 0.0, 0.0, 0.0, 0.0, 0.0, 0.0, 0.0, 1.2820512820512822, 0.0, 0.0, 0.0, 0.0, 0.0, 0.0]",nsp3,L846F
83,C5388A,C5388A (nsp3: A890D),1.639344262295082,0.0,1.639344262295082,0.0,"[0.0, 0.0, 0.0, 0.0, 0.0, 0.0, 1.639344262295082, 0.0, 0.0, 0.0, 0.0, 0.0, 0.0, 0.0, 0.0]",nsp3,A890D
84,G5441A,G5441A (nsp3: G908S),2.9411764705882355,0.0,2.9411764705882355,0.0,"[0.0, 0.0, 0.0, 0.0, 0.0, 0.0, 0.0, 0.0, 0.0, 0.0, 0.0, 0.0, 0.0, 2.9411764705882355, 0.0]",nsp3,G908S
85,C5526T,C5526T (nsp3: T936I),4.761904761904762,0.0,4.761904761904762,0.0,"[0.0, 0.0, 0.0, 0.0, 0.0, 0.0, 0.0, 0.0, 0.0, 0.0, 1.492537313432836, 4.761904761904762, 0.0, 0.0, 0.0]",nsp3,T936I
86,C5547T,C5547T (nsp3: T943I),2.9411764705882355,0.0,2.9411764705882355,0.0,"[0.0, 0.0, 0.0, 0.0, 0.0, 0.0, 0.0, 0.0, 0.0, 0.0, 0.0, 0.0, 1.2195121951219512, 2.9411764705882355, 0.0]",nsp3,T943I
87,C5628T,C5628T (nsp3: T970M),0.0,0.0,0.0,0.0,"[0.0, 0.0, 0.0, 0.0, 0.0, 0.0, 0.0, 0.0, 0.0, 0.0, 0.0, 0.0, 0.0, 0.0, 0.0]",nsp3,T970M
88,C5672T,C5672T (nsp3: P985S),1.5873015873015872,0.0,1.5873015873015872,0.0,"[0.0, 0.0, 0.0, 0.0, 0.0, 1.2987012987012987, 0.0, 0.0, 1.2820512820512822, 0.0, 0.0, 1.5873015873015872, 0.0, 0.0, 0.0]",nsp3,P985S
89,G5690A,G5690A (nsp3: A991T),1.2195121951219512,0.0,1.2195121951219512,0.0,"[0.0, 0.0, 0.0, 0.0, 0.0, 0.0, 0.0, 0.0, 0.0, 0.0, 0.0, 0.0, 1.2195121951219512, 0.0, 0.0]",nsp3,A991T
90,G5704T,G5704T (nsp3: Q995H),1.639344262295082,0.0,1.639344262295082,0.0,"[0.0, 0.0, 0.0, 0.0, 0.0, 0.0, 0.0, 0.0, 0.0, 1.639344262295082, 1.492537313432836, 0.0, 0.0, 0.0, 0.0]",nsp3,Q995H
91,G5861A,G5861A (nsp3: V1048I),8.823529411764707,0.0,8.823529411764707,0.0,"[0.0, 0.0, 0.0, 0.0, 0.0, 0.0, 0.0, 0.0, 0.0, 0.0, 0.0, 0.0, 2.4390243902439024, 8.823529411764707, 0.0]",nsp3,V1048I
92,A5933T,A5933T (nsp3: T1072S),2.127659574468085,0.0,2.127659574468085,0.0,"[0.0, 0.0, 0.0, 2.127659574468085, 0.0, 0.0, 0.0, 0.0, 0.0, 0.0, 0.0, 0.0, 0.0, 0.0, 0.0]",nsp3,T1072S
93,G5942C,G5942C (nsp3: D1075H),1.5384615384615385,0.0,1.5384615384615385,0.0,"[0.0, 0.0, 0.0, 0.0, 0.0, 0.0, 0.0, 1.5384615384615385, 0.0, 0.0, 0.0, 0.0, 0.0, 0.0, 0.0]",nsp3,D1075H
94,C6195T,C6195T (nsp3: P1159L),9.090909090909092,9.090909090909092,9.090909090909092,0.0,"[0.0, 0.0, 0.0, 0.0, 0.0, 0.0, 0.0, 0.0, 0.0, 0.0, 0.0, 0.0, 1.2195121951219512, 0.0, 9.090909090909092]",nsp3,P1159L
95,C6336T,C6336T (nsp3: S1206L),6.557377049180328,0.0,6.557377049180328,0.0,"[0.0, 0.0, 0.0, 0.0, 0.0, 0.0, 6.557377049180328, 0.0, 2.5641025641025643, 0.0, 1.492537313432836, 0.0, 0.0, 0.0, 0.0]",nsp3,S1206L
96,G6352T,G6352T (nsp3: K1211N),1.2195121951219512,0.0,1.2195121951219512,0.0,"[0.0, 0.0, 0.0, 0.0, 0.0, 0.0, 0.0, 0.0, 0.0, 0.0, 0.0, 0.0, 1.2195121951219512, 0.0, 0.0]",nsp3,K1211N
97,G6368A,G6368A (nsp3: G1217R),34.92063492063492,0.0,34.92063492063492,0.0,"[0.0, 0.0, 0.0, 0.0, 0.0, 0.0, 1.639344262295082, 9.23076923076923, 16.666666666666668, 9.836065573770492, 26.865671641791046, 34.92063492063492, 20.73170731707317, 14.705882352941176, 0.0]",nsp3,G1217R
98,A6371G,A6371G (nsp3: M1218V),7.936507936507937,0.0,7.936507936507937,0.0,"[0.0, 0.0, 0.0, 0.0, 0.0, 1.2987012987012987, 0.0, 1.5384615384615385, 0.0, 1.639344262295082, 2.985074626865672, 7.936507936507937, 0.0, 5.882352941176471, 0.0]",nsp3,M1218V
99,G6404T,G6404T (nsp3: V1229F),2.9411764705882355,0.0,2.9411764705882355,0.0,"[0.0, 0.0, 0.0, 0.0, 0.0, 0.0, 0.0, 0.0, 0.0, 0.0, 0.0, 0.0, 0.0, 2.9411764705882355, 0.0]",nsp3,V1229F
100,G6446A,G6446A (nsp3: V1243I),0.0,0.0,0.0,0.0,"[0.0, 0.0, 0.0, 0.0, 0.0, 0.0, 0.0, 0.0, 0.0, 0.0, 0.0, 0.0, 0.0, 0.0, 0.0]",nsp3,V1243I
101,G6476A,G6476A (nsp3: V1253I),1.2195121951219512,0.0,1.2195121951219512,0.0,"[0.0, 0.0, 0.0, 0.0, 0.0, 0.0, 0.0, 0.0, 0.0, 0.0, 0.0, 0.0, 1.2195121951219512, 0.0, 0.0]",nsp3,V1253I
102,C6539T,C6539T (nsp3: H1274Y),1.5873015873015872,0.0,1.5873015873015872,0.0,"[0.0, 0.0, 0.0, 0.0, 0.0, 0.0, 0.0, 0.0, 0.0, 0.0, 0.0, 1.5873015873015872, 0.0, 0.0, 0.0]",nsp3,H1274Y
103,G6553A,G6553A (nsp3: M1278I),1.2195121951219512,0.0,1.2195121951219512,0.0,"[0.0, 0.0, 0.0, 0.0, 0.0, 0.0, 0.0, 0.0, 0.0, 0.0, 0.0, 0.0, 1.2195121951219512, 0.0, 0.0]",nsp3,M1278I
104,C6573T,C6573T (nsp3: S1285F),2.9411764705882355,0.0,2.9411764705882355,0.0,"[0.0, 0.0, 0.0, 0.0, 0.0, 0.0, 0.0, 0.0, 0.0, 0.0, 0.0, 0.0, 0.0, 2.9411764705882355, 0.0]",nsp3,S1285F
105,G6662A,G6662A (nsp3: V1315I),1.2987012987012987,0.0,1.2987012987012987,0.0,"[0.0, 0.0, 0.0, 0.0, 0.0, 1.2987012987012987, 0.0, 0.0, 0.0, 0.0, 0.0, 0.0, 0.0, 0.0, 0.0]",nsp3,V1315I
106,C6813T,C6813T (nsp3: T1365I),1.639344262295082,0.0,1.639344262295082,0.0,"[0.0, 0.0, 0.0, 0.0, 0.0, 0.0, 1.639344262295082, 1.5384615384615385, 0.0, 0.0, 0.0, 0.0, 0.0, 0.0, 0.0]",nsp3,T1365I
107,A6912G,A6912G (nsp3: N1398S),2.9411764705882355,0.0,2.9411764705882355,0.0,"[0.0, 0.0, 0.0, 0.0, 0.0, 0.0, 0.0, 0.0, 0.0, 0.0, 0.0, 0.0, 0.0, 2.9411764705882355, 0.0]",nsp3,N1398S
108,A7055G,A7055G (nsp3: T1446A),1.492537313432836,0.0,1.492537313432836,0.0,"[0.0, 0.0, 0.0, 0.0, 0.0, 0.0, 0.0, 0.0, 0.0, 0.0, 1.492537313432836, 0.0, 0.0, 0.0, 0.0]",nsp3,T1446A
109,G7160C,G7160C (nsp3: D1481H),1.2820512820512822,0.0,1.2820512820512822,0.0,"[0.0, 0.0, 0.0, 0.0, 0.0, 0.0, 0.0, 0.0, 1.2820512820512822, 0.0, 0.0, 0.0, 0.0, 0.0, 0.0]",nsp3,D1481H
110,C7239T,C7239T (nsp3: A1507V),4.25531914893617,0.0,4.25531914893617,0.0,"[0.0, 0.0, 0.0, 4.25531914893617, 2.272727272727273, 0.0, 0.0, 0.0, 0.0, 0.0, 0.0, 0.0, 0.0, 0.0, 0.0]",nsp3,A1507V
111,C7296T,C7296T (nsp3: A1526V),1.2195121951219512,0.0,1.2195121951219512,0.0,"[0.0, 0.0, 0.0, 0.0, 0.0, 0.0, 0.0, 0.0, 0.0, 0.0, 0.0, 0.0, 1.2195121951219512, 0.0, 0.0]",nsp3,A1526V
112,A7451G,A7451G (nsp3: S1578G),8.974358974358974,0.0,8.974358974358974,0.0,"[0.0, 0.0, 0.0, 0.0, 4.545454545454546, 3.896103896103896, 6.557377049180328, 7.6923076923076925, 8.974358974358974, 0.0, 1.492537313432836, 1.5873015873015872, 1.2195121951219512, 2.9411764705882355, 0.0]",nsp3,S1578G
113,A7610T,A7610T (nsp3: N1631Y),8.974358974358974,0.0,8.974358974358974,0.0,"[0.0, 0.0, 0.0, 0.0, 4.545454545454546, 3.896103896103896, 6.557377049180328, 7.6923076923076925, 8.974358974358974, 0.0, 1.492537313432836, 1.5873015873015872, 1.2195121951219512, 2.9411764705882355, 0.0]",nsp3,N1631Y
114,T7623G,T7623G (nsp3: V1635G),1.2195121951219512,0.0,1.2195121951219512,0.0,"[0.0, 0.0, 0.0, 0.0, 0.0, 0.0, 0.0, 0.0, 0.0, 0.0, 0.0, 0.0, 1.2195121951219512, 0.0, 0.0]",nsp3,V1635G
115,A7626G,A7626G (nsp3: N1636S),1.2195121951219512,0.0,1.2195121951219512,0.0,"[0.0, 0.0, 0.0, 0.0, 0.0, 0.0, 0.0, 0.0, 0.0, 0.0, 0.0, 0.0, 1.2195121951219512, 0.0, 0.0]",nsp3,N1636S
116,G7641C,G7641C (nsp3: C1641S),2.4390243902439024,0.0,2.4390243902439024,0.0,"[0.0, 0.0, 0.0, 0.0, 0.0, 0.0, 0.0, 0.0, 0.0, 0.0, 0.0, 0.0, 2.4390243902439024, 0.0, 0.0]",nsp3,C1641S
117,C7821T,C7821T (nsp3: S1701F),2.985074626865672,0.0,2.985074626865672,0.0,"[0.0, 0.0, 0.0, 0.0, 0.0, 0.0, 0.0, 0.0, 0.0, 1.639344262295082, 2.985074626865672, 0.0, 0.0, 0.0, 0.0]",nsp3,S1701F
118,A7857G,A7857G (nsp3: N1713S),1.492537313432836,0.0,1.492537313432836,0.0,"[0.0, 0.0, 0.0, 0.0, 0.0, 0.0, 0.0, 0.0, 0.0, 0.0, 1.492537313432836, 0.0, 0.0, 0.0, 0.0]",nsp3,N1713S
119,C7874T,C7874T (nsp3: P1719S),1.2987012987012987,0.0,1.2987012987012987,0.0,"[0.0, 0.0, 0.0, 0.0, 0.0, 1.2987012987012987, 0.0, 0.0, 0.0, 0.0, 0.0, 0.0, 0.0, 0.0, 0.0]",nsp3,P1719S
120,A7949G,A7949G (nsp3: S1744G),1.2195121951219512,0.0,1.2195121951219512,0.0,"[0.0, 0.0, 0.0, 0.0, 0.0, 0.0, 0.0, 0.0, 0.0, 0.0, 0.0, 0.0, 1.2195121951219512, 0.0, 0.0]",nsp3,S1744G
121,T8082C,T8082C (nsp3: M1788T),3.278688524590164,0.0,3.278688524590164,0.0,"[0.0, 0.0, 0.0, 0.0, 0.0, 0.0, 0.0, 0.0, 0.0, 3.278688524590164, 0.0, 0.0, 0.0, 0.0, 0.0]",nsp3,M1788T
122,C8090T,C8090T (nsp3: L1791F),2.9411764705882355,0.0,2.9411764705882355,0.0,"[0.0, 0.0, 0.0, 0.0, 0.0, 0.0, 0.0, 0.0, 2.5641025641025643, 0.0, 1.492537313432836, 1.5873015873015872, 1.2195121951219512, 2.9411764705882355, 0.0]",nsp3,L1791F
123,A8211G,A8211G (nsp3: K1831R),2.272727272727273,0.0,2.272727272727273,0.0,"[0.0, 0.0, 0.0, 0.0, 2.272727272727273, 0.0, 0.0, 0.0, 0.0, 0.0, 0.0, 0.0, 0.0, 0.0, 0.0]",nsp3,K1831R
124,C8316T,C8316T (nsp3: T1866I),16.883116883116884,0.0,16.883116883116884,0.0,"[0.0, 0.0, 0.0, 4.25531914893617, 4.545454545454546, 16.883116883116884, 8.19672131147541, 1.5384615384615385, 0.0, 1.639344262295082, 0.0, 0.0, 0.0, 0.0, 0.0]",nsp3,T1866I
125,C8606T,C8606T (nsp4: L18F),4.761904761904762,0.0,4.761904761904762,0.0,"[0.0, 0.0, 0.0, 0.0, 0.0, 0.0, 1.639344262295082, 0.0, 0.0, 0.0, 4.477611940298507, 4.761904761904762, 2.4390243902439024, 2.9411764705882355, 0.0]",nsp4,L18F
126,T8643C,T8643C (nsp4: V30A),1.2195121951219512,0.0,1.2195121951219512,0.0,"[0.0, 0.0, 0.0, 0.0, 0.0, 0.0, 0.0, 0.0, 0.0, 0.0, 0.0, 0.0, 1.2195121951219512, 0.0, 0.0]",nsp4,V30A
127,A8658G,A8658G (nsp4: K35R),1.2195121951219512,0.0,1.2195121951219512,0.0,"[0.0, 0.0, 0.0, 0.0, 0.0, 0.0, 0.0, 0.0, 0.0, 0.0, 0.0, 0.0, 1.2195121951219512, 0.0, 0.0]",nsp4,K35R
128,T8682A,T8682A (nsp4: I43N),1.2820512820512822,0.0,1.2820512820512822,0.0,"[0.0, 0.0, 0.0, 0.0, 0.0, 0.0, 0.0, 0.0, 1.2820512820512822, 0.0, 0.0, 0.0, 0.0, 0.0, 0.0]",nsp4,I43N
129,C8722A,C8722A (nsp4: D56E),1.492537313432836,0.0,1.492537313432836,0.0,"[0.0, 0.0, 0.0, 0.0, 0.0, 0.0, 0.0, 0.0, 0.0, 0.0, 1.492537313432836, 0.0, 0.0, 0.0, 0.0]",nsp4,D56E
130,C8727A,C8727A (nsp4: A58E),1.492537313432836,0.0,1.492537313432836,0.0,"[0.0, 0.0, 0.0, 0.0, 0.0, 0.0, 0.0, 0.0, 0.0, 0.0, 1.492537313432836, 0.0, 0.0, 0.0, 0.0]",nsp4,A58E
131,C8802T,C8802T (nsp4: T83I),2.9411764705882355,0.0,2.9411764705882355,0.0,"[0.0, 0.0, 0.0, 0.0, 0.0, 0.0, 0.0, 0.0, 0.0, 0.0, 1.492537313432836, 0.0, 0.0, 2.9411764705882355, 0.0]",nsp4,T83I
132,T8838A,T8838A (nsp4: I95K),1.492537313432836,0.0,1.492537313432836,0.0,"[0.0, 0.0, 0.0, 0.0, 0.0, 0.0, 0.0, 0.0, 0.0, 0.0, 1.492537313432836, 0.0, 0.0, 0.0, 0.0]",nsp4,I95K
133,G8849T,G8849T (nsp4: V99L),1.639344262295082,0.0,1.639344262295082,0.0,"[0.0, 0.0, 0.0, 0.0, 0.0, 0.0, 1.639344262295082, 0.0, 0.0, 0.0, 0.0, 0.0, 0.0, 0.0, 0.0]",nsp4,V99L
134,C8937T,C8937T (nsp4: A128V),1.639344262295082,0.0,1.639344262295082,0.0,"[0.0, 0.0, 0.0, 0.0, 0.0, 0.0, 0.0, 0.0, 0.0, 1.639344262295082, 1.492537313432836, 0.0, 0.0, 0.0, 0.0]",nsp4,A128V
135,C8960T,C8960T (nsp4: P136S),1.639344262295082,0.0,1.639344262295082,0.0,"[0.0, 0.0, 0.0, 0.0, 0.0, 0.0, 0.0, 0.0, 0.0, 1.639344262295082, 0.0, 0.0, 0.0, 0.0, 0.0]",nsp4,P136S
136,C9042T,C9042T (nsp4: S163F),3.278688524590164,0.0,3.278688524590164,0.0,"[0.0, 0.0, 0.0, 0.0, 0.0, 0.0, 0.0, 0.0, 0.0, 3.278688524590164, 0.0, 0.0, 0.0, 0.0, 0.0]",nsp4,S163F
137,G9049T,G9049T (nsp4: K165N),1.639344262295082,0.0,1.639344262295082,0.0,"[0.0, 0.0, 0.0, 0.0, 0.0, 0.0, 0.0, 0.0, 0.0, 1.639344262295082, 0.0, 0.0, 0.0, 0.0, 0.0]",nsp4,K165N
138,A9102G,A9102G (nsp4: E183G),1.2820512820512822,0.0,1.2820512820512822,0.0,"[0.0, 0.0, 0.0, 0.0, 0.0, 0.0, 0.0, 0.0, 1.2820512820512822, 0.0, 0.0, 0.0, 0.0, 0.0, 0.0]",nsp4,E183G
139,A9350C,A9350C (nsp4: N266H),1.639344262295082,0.0,1.639344262295082,0.0,"[0.0, 0.0, 0.0, 0.0, 0.0, 0.0, 0.0, 0.0, 0.0, 1.639344262295082, 0.0, 0.0, 0.0, 0.0, 0.0]",nsp4,N266H
140,T9478A,T9478A (nsp4: F308L),1.2987012987012987,0.0,1.2987012987012987,0.0,"[0.0, 0.0, 0.0, 0.0, 0.0, 1.2987012987012987, 0.0, 0.0, 0.0, 0.0, 0.0, 0.0, 0.0, 0.0, 0.0]",nsp4,F308L
141,G9479T,G9479T (nsp4: G309C),2.272727272727273,0.0,2.272727272727273,0.0,"[0.0, 0.0, 0.0, 0.0, 2.272727272727273, 1.2987012987012987, 1.639344262295082, 0.0, 0.0, 0.0, 0.0, 0.0, 0.0, 0.0, 0.0]",nsp4,G309C
142,T9588C,T9588C (nsp4: I345T),2.4390243902439024,0.0,2.4390243902439024,0.0,"[0.0, 0.0, 0.0, 0.0, 0.0, 0.0, 0.0, 0.0, 0.0, 0.0, 0.0, 0.0, 2.4390243902439024, 0.0, 0.0]",nsp4,I345T
143,G10154A,G10154A (nsp5: D34N),2.127659574468085,0.0,2.127659574468085,0.0,"[0.0, 0.0, 0.0, 2.127659574468085, 0.0, 0.0, 0.0, 0.0, 0.0, 0.0, 0.0, 0.0, 0.0, 0.0, 0.0]",nsp5,D34N
144,G10265T,G10265T (nsp5: G71C),1.2987012987012987,0.0,1.2987012987012987,0.0,"[0.0, 0.0, 0.0, 0.0, 0.0, 1.2987012987012987, 0.0, 0.0, 1.2820512820512822, 0.0, 0.0, 0.0, 0.0, 0.0, 0.0]",nsp5,G71C
145,G10282T,G10282T (nsp5: R76S),2.127659574468085,0.0,2.127659574468085,0.0,"[0.0, 0.0, 0.0, 2.127659574468085, 0.0, 0.0, 0.0, 0.0, 0.0, 0.0, 0.0, 0.0, 0.0, 0.0, 0.0]",nsp5,R76S
146,C10341T,C10341T (nsp5: P96L),13.414634146341463,0.0,13.414634146341463,0.0,"[0.0, 0.0, 0.0, 0.0, 0.0, 0.0, 0.0, 1.5384615384615385, 0.0, 0.0, 7.462686567164179, 7.936507936507937, 13.414634146341463, 5.882352941176471, 0.0]",nsp5,P96L
147,T10361A,T10361A (nsp5: F103I),1.2987012987012987,0.0,1.2987012987012987,0.0,"[0.0, 0.0, 0.0, 0.0, 0.0, 1.2987012987012987, 0.0, 0.0, 0.0, 0.0, 0.0, 0.0, 0.0, 0.0, 0.0]",nsp5,F103I
148,T10362C,T10362C (nsp5: F103S),1.2987012987012987,0.0,1.2987012987012987,0.0,"[0.0, 0.0, 0.0, 0.0, 0.0, 1.2987012987012987, 0.0, 0.0, 0.0, 0.0, 0.0, 0.0, 0.0, 0.0, 0.0]",nsp5,F103S
149,G10540T,G10540T (nsp5: M162I),13.114754098360656,0.0,13.114754098360656,0.0,"[0.0, 0.0, 0.0, 0.0, 0.0, 0.0, 0.0, 0.0, 0.0, 13.114754098360656, 0.0, 0.0, 0.0, 0.0, 0.0]",nsp5,M162I
150,C10824T,C10824T (nsp5: T257I),1.639344262295082,0.0,1.639344262295082,0.0,"[0.0, 0.0, 0.0, 0.0, 0.0, 0.0, 1.639344262295082, 1.5384615384615385, 0.0, 0.0, 0.0, 0.0, 0.0, 0.0, 0.0]",nsp5,T257I
151,G10901A,G10901A (nsp5: G283S),1.639344262295082,0.0,1.639344262295082,0.0,"[0.0, 0.0, 0.0, 0.0, 0.0, 0.0, 0.0, 0.0, 0.0, 1.639344262295082, 0.0, 0.0, 0.0, 0.0, 0.0]",nsp5,G283S
152,G11071C,G11071C (nsp6: L33F),1.492537313432836,0.0,1.492537313432836,0.0,"[0.0, 0.0, 0.0, 0.0, 0.0, 0.0, 0.0, 0.0, 0.0, 0.0, 1.492537313432836, 0.0, 0.0, 0.0, 0.0]",nsp6,L33F
153,T11076C,T11076C (nsp6: F35S),2.127659574468085,0.0,2.127659574468085,0.0,"[0.0, 0.0, 0.0, 2.127659574468085, 0.0, 0.0, 0.0, 0.0, 0.0, 0.0, 0.0, 0.0, 0.0, 0.0, 0.0]",nsp6,F35S
154,G11083T,G11083T (nsp6: L37F),12.195121951219512,0.0,12.195121951219512,0.0,"[0.0, 0.0, 6.666666666666667, 4.25531914893617, 0.0, 0.0, 0.0, 0.0, 0.0, 0.0, 2.985074626865672, 1.5873015873015872, 12.195121951219512, 0.0, 0.0]",nsp6,L37F
155,T11288A,T11288A (nsp6: S106T),1.2987012987012987,0.0,1.2987012987012987,0.0,"[0.0, 0.0, 0.0, 0.0, 0.0, 1.2987012987012987, 0.0, 0.0, 0.0, 0.0, 0.0, 0.0, 0.0, 0.0, 0.0]",nsp6,S106T
156,G11291A,G11291A (nsp6: G107S),1.639344262295082,0.0,1.639344262295082,0.0,"[0.0, 0.0, 0.0, 0.0, 0.0, 1.2987012987012987, 1.639344262295082, 0.0, 0.0, 0.0, 0.0, 0.0, 0.0, 0.0, 0.0]",nsp6,G107S
157,T11296G,T11296G (nsp6: F108L),1.639344262295082,0.0,1.639344262295082,0.0,"[0.0, 0.0, 0.0, 0.0, 0.0, 1.2987012987012987, 1.639344262295082, 0.0, 0.0, 0.0, 0.0, 0.0, 0.0, 0.0, 0.0]",nsp6,F108L
158,G11333T,G11333T (nsp6: V121L),1.2820512820512822,0.0,1.2820512820512822,0.0,"[0.0, 0.0, 0.0, 0.0, 0.0, 0.0, 0.0, 0.0, 1.2820512820512822, 0.0, 0.0, 0.0, 0.0, 0.0, 0.0]",nsp6,V121L
159,C11442T,C11442T (nsp6: A157V),4.25531914893617,0.0,4.25531914893617,0.0,"[0.0, 0.0, 0.0, 4.25531914893617, 0.0, 0.0, 0.0, 0.0, 0.0, 0.0, 0.0, 0.0, 0.0, 0.0, 0.0]",nsp6,A157V
160,C11750T,C11750T (nsp6: L260F),1.2195121951219512,0.0,1.2195121951219512,0.0,"[0.0, 0.0, 0.0, 0.0, 0.0, 0.0, 0.0, 0.0, 0.0, 0.0, 0.0, 0.0, 1.2195121951219512, 0.0, 0.0]",nsp6,L260F
161,C11913T,C11913T (nsp7: S24L),1.2820512820512822,0.0,1.2820512820512822,0.0,"[0.0, 0.0, 0.0, 0.0, 0.0, 0.0, 0.0, 0.0, 1.2820512820512822, 0.0, 0.0, 0.0, 0.0, 0.0, 0.0]",nsp7,S24L
162,C12020T,C12020T (nsp7: L60F),0.0,0.0,0.0,0.0,"[0.0, 0.0, 0.0, 0.0, 0.0, 0.0, 0.0, 0.0, 0.0, 0.0, 0.0, 0.0, 0.0, 0.0, 0.0]",nsp7,L60F
163,C12084T,C12084T (nsp7: T81I),1.2820512820512822,0.0,1.2820512820512822,0.0,"[0.0, 0.0, 0.0, 0.0, 0.0, 0.0, 0.0, 0.0, 1.2820512820512822, 0.0, 0.0, 0.0, 0.0, 0.0, 0.0]",nsp7,T81I
164,C12114T,C12114T (nsp8: S8F),1.639344262295082,0.0,1.639344262295082,0.0,"[0.0, 0.0, 0.0, 0.0, 0.0, 0.0, 1.639344262295082, 0.0, 0.0, 0.0, 0.0, 0.0, 0.0, 0.0, 0.0]",nsp8,S8F
165,T12134C,T12134C (nsp8: F15L),8.19672131147541,0.0,8.19672131147541,0.0,"[0.0, 0.0, 0.0, 0.0, 0.0, 0.0, 0.0, 1.5384615384615385, 2.5641025641025643, 8.19672131147541, 1.492537313432836, 1.5873015873015872, 0.0, 0.0, 0.0]",nsp8,F15L
166,A12159G,A12159G (nsp8: E23G),1.5873015873015872,0.0,1.5873015873015872,0.0,"[0.0, 0.0, 0.0, 0.0, 0.0, 0.0, 0.0, 0.0, 0.0, 0.0, 0.0, 1.5873015873015872, 0.0, 0.0, 0.0]",nsp8,E23G
167,A12180G,A12180G (nsp8: D30G),1.5873015873015872,0.0,1.5873015873015872,0.0,"[0.0, 0.0, 0.0, 0.0, 0.0, 0.0, 0.0, 0.0, 0.0, 0.0, 0.0, 1.5873015873015872, 0.0, 0.0, 0.0]",nsp8,D30G
168,C12459T,C12459T (nsp8: T123I),1.639344262295082,0.0,1.639344262295082,0.0,"[0.0, 0.0, 0.0, 0.0, 0.0, 1.2987012987012987, 1.639344262295082, 0.0, 0.0, 0.0, 0.0, 0.0, 0.0, 0.0, 0.0]",nsp8,T123I
169,G12479A,G12479A (nsp8: V130I),1.2987012987012987,0.0,1.2987012987012987,0.0,"[0.0, 0.0, 0.0, 0.0, 0.0, 1.2987012987012987, 0.0, 0.0, 0.0, 0.0, 0.0, 0.0, 0.0, 0.0, 0.0]",nsp8,V130I
170,C12789T,C12789T (nsp9: T35I),3.1746031746031744,0.0,3.1746031746031744,0.0,"[0.0, 0.0, 0.0, 0.0, 0.0, 0.0, 0.0, 0.0, 0.0, 0.0, 0.0, 3.1746031746031744, 0.0, 2.9411764705882355, 0.0]",nsp9,T35I
171,A13269G,A13269G (nsp10: D82G),1.639344262295082,0.0,1.639344262295082,0.0,"[0.0, 0.0, 0.0, 0.0, 0.0, 0.0, 1.639344262295082, 1.5384615384615385, 0.0, 0.0, 0.0, 0.0, 0.0, 0.0, 0.0]",nsp10,D82G
172,C13329T,C13329T (nsp10: T102I),1.5873015873015872,0.0,1.5873015873015872,0.0,"[0.0, 0.0, 0.0, 0.0, 0.0, 0.0, 0.0, 0.0, 0.0, 0.0, 0.0, 1.5873015873015872, 0.0, 0.0, 0.0]",nsp10,T102I
173,G13379A,G13379A (nsp10: V119I),2.127659574468085,0.0,2.127659574468085,0.0,"[0.0, 0.0, 0.0, 2.127659574468085, 0.0, 0.0, 0.0, 0.0, 0.0, 0.0, 0.0, 0.0, 0.0, 0.0, 0.0]",nsp10,V119I
174,G13451A,G13451A (nsp12: A4T),1.2195121951219512,0.0,1.2195121951219512,0.0,"[0.0, 0.0, 0.0, 0.0, 0.0, 0.0, 0.0, 0.0, 0.0, 0.0, 0.0, 0.0, 1.2195121951219512, 0.0, 0.0]",nsp12,A4T
175,C13452T,C13452T (nsp12: A4V),9.090909090909092,0.0,9.090909090909092,0.0,"[0.0, 9.090909090909092, 0.0, 0.0, 0.0, 0.0, 0.0, 0.0, 0.0, 0.0, 0.0, 1.5873015873015872, 0.0, 0.0, 0.0]",nsp12,A4V
176,T13457C,T13457C (nsp12: S6P),8.19672131147541,0.0,8.19672131147541,0.0,"[0.0, 0.0, 0.0, 0.0, 2.272727272727273, 3.896103896103896, 8.19672131147541, 0.0, 0.0, 0.0, 0.0, 0.0, 0.0, 0.0, 0.0]",nsp12,S6P
177,C13517T,C13517T (rdrp: T17I),2.127659574468085,0.0,2.127659574468085,0.0,"[0.0, 0.0, 0.0, 2.127659574468085, 0.0, 0.0, 0.0, 0.0, 0.0, 0.0, 0.0, 0.0, 0.0, 0.0, 0.0]",rdrp,T17I
178,A13613C,A13613C (rdrp: E49A),1.5384615384615385,0.0,1.5384615384615385,0.0,"[0.0, 0.0, 0.0, 0.0, 0.0, 0.0, 0.0, 1.5384615384615385, 0.0, 0.0, 0.0, 0.0, 0.0, 0.0, 0.0]",rdrp,E49A
179,C13721T,C13721T (rdrp: P85L),1.639344262295082,0.0,1.639344262295082,0.0,"[0.0, 0.0, 0.0, 0.0, 0.0, 0.0, 0.0, 0.0, 0.0, 1.639344262295082, 0.0, 0.0, 0.0, 0.0, 0.0]",rdrp,P85L
180,G13729T,G13729T (rdrp: A88S),9.090909090909092,0.0,9.090909090909092,0.0,"[0.0, 9.090909090909092, 0.0, 0.0, 0.0, 0.0, 0.0, 0.0, 0.0, 0.0, 0.0, 0.0, 0.0, 0.0, 0.0]",rdrp,A88S
181,C13994T,C13994T (rdrp: A176V),1.2195121951219512,0.0,1.2195121951219512,0.0,"[0.0, 0.0, 0.0, 0.0, 0.0, 0.0, 0.0, 0.0, 0.0, 0.0, 0.0, 0.0, 1.2195121951219512, 0.0, 0.0]",rdrp,A176V
182,C14177T,C14177T (rdrp: T237I),1.492537313432836,0.0,1.492537313432836,0.0,"[0.0, 0.0, 0.0, 0.0, 0.0, 0.0, 0.0, 0.0, 0.0, 0.0, 1.492537313432836, 0.0, 0.0, 0.0, 0.0]",rdrp,T237I
183,G14446A,G14446A (rdrp: D327N),1.5384615384615385,0.0,1.5384615384615385,0.0,"[0.0, 0.0, 0.0, 0.0, 0.0, 0.0, 0.0, 1.5384615384615385, 0.0, 0.0, 0.0, 0.0, 0.0, 0.0, 0.0]",rdrp,D327N
184,C14585T,C14585T (rdrp: A373V),1.2820512820512822,0.0,1.2820512820512822,0.0,"[0.0, 0.0, 0.0, 0.0, 0.0, 0.0, 0.0, 0.0, 1.2820512820512822, 0.0, 0.0, 0.0, 0.0, 0.0, 0.0]",rdrp,A373V
185,C14708T,C14708T (rdrp: A414V),2.4390243902439024,0.0,2.4390243902439024,0.0,"[0.0, 0.0, 0.0, 0.0, 0.0, 0.0, 0.0, 0.0, 0.0, 0.0, 0.0, 0.0, 2.4390243902439024, 0.0, 0.0]",rdrp,A414V
186,G14829T,G14829T (rdrp: M454I),1.5384615384615385,0.0,1.5384615384615385,0.0,"[0.0, 0.0, 0.0, 0.0, 0.0, 0.0, 0.0, 1.5384615384615385, 0.0, 0.0, 0.0, 0.0, 0.0, 0.0, 0.0]",rdrp,M454I
187,A15002G,A15002G (rdrp: Y512C),2.9411764705882355,0.0,2.9411764705882355,0.0,"[0.0, 0.0, 0.0, 0.0, 0.0, 0.0, 0.0, 0.0, 0.0, 0.0, 0.0, 0.0, 0.0, 2.9411764705882355, 0.0]",rdrp,Y512C
188,C15182T,C15182T (rdrp: A572V),1.639344262295082,0.0,1.639344262295082,0.0,"[0.0, 0.0, 0.0, 0.0, 0.0, 0.0, 0.0, 0.0, 0.0, 1.639344262295082, 0.0, 0.0, 0.0, 0.0, 0.0]",rdrp,A572V
189,G15327T,G15327T (rdrp: M620I),5.194805194805195,0.0,5.194805194805195,0.0,"[0.0, 0.0, 0.0, 0.0, 0.0, 5.194805194805195, 0.0, 0.0, 0.0, 0.0, 0.0, 0.0, 0.0, 0.0, 0.0]",rdrp,M620I
190,C15346T,C15346T (rdrp: L627F),13.333333333333334,0.0,13.333333333333334,0.0,"[0.0, 0.0, 13.333333333333334, 2.127659574468085, 4.545454545454546, 2.5974025974025974, 6.557377049180328, 0.0, 0.0, 1.639344262295082, 0.0, 0.0, 0.0, 2.9411764705882355, 0.0]",rdrp,L627F
191,G15594T,G15594T (rdrp: K709N),1.492537313432836,0.0,1.492537313432836,0.0,"[0.0, 0.0, 0.0, 0.0, 0.0, 0.0, 0.0, 0.0, 0.0, 0.0, 1.492537313432836, 0.0, 0.0, 0.0, 0.0]",rdrp,K709N
192,A15604T,A15604T (rdrp: N713Y),6.666666666666667,0.0,6.666666666666667,0.0,"[0.0, 0.0, 6.666666666666667, 6.382978723404255, 2.272727272727273, 0.0, 0.0, 0.0, 0.0, 0.0, 0.0, 0.0, 0.0, 0.0, 0.0]",rdrp,N713Y
193,G15617A,G15617A (rdrp: R717K),1.492537313432836,0.0,1.492537313432836,0.0,"[0.0, 0.0, 0.0, 0.0, 0.0, 0.0, 0.0, 0.0, 0.0, 0.0, 1.492537313432836, 0.0, 0.0, 0.0, 0.0]",rdrp,R717K
194,G15760T,G15760T (rdrp: G765C),1.5873015873015872,0.0,1.5873015873015872,0.0,"[0.0, 0.0, 0.0, 0.0, 0.0, 0.0, 0.0, 0.0, 0.0, 0.0, 0.0, 1.5873015873015872, 0.0, 0.0, 0.0]",rdrp,G765C
195,G15829A,G15829A (rdrp: A788T),1.492537313432836,0.0,1.492537313432836,0.0,"[0.0, 0.0, 0.0, 0.0, 0.0, 0.0, 0.0, 0.0, 0.0, 0.0, 1.492537313432836, 0.0, 0.0, 0.0, 0.0]",rdrp,A788T
196,G15906T,G15906T (rdrp: Q813H),1.639344262295082,0.0,1.639344262295082,0.0,"[0.0, 0.0, 0.0, 0.0, 0.0, 1.2987012987012987, 1.639344262295082, 0.0, 1.2820512820512822, 0.0, 0.0, 0.0, 0.0, 0.0, 0.0]",rdrp,Q813H
197,C16393T,C16393T (nsp13: P53S),2.9411764705882355,0.0,2.9411764705882355,0.0,"[0.0, 0.0, 0.0, 0.0, 0.0, 0.0, 0.0, 0.0, 0.0, 0.0, 0.0, 0.0, 0.0, 2.9411764705882355, 0.0]",nsp13,P53S
198,G16396T,G16396T (nsp13: G54C),1.2820512820512822,0.0,1.2820512820512822,0.0,"[0.0, 0.0, 0.0, 0.0, 0.0, 0.0, 0.0, 0.0, 1.2820512820512822, 0.0, 0.0, 0.0, 0.0, 0.0, 0.0]",nsp13,G54C
199,A16474G,A16474G (nsp13: S80G),2.127659574468085,0.0,2.127659574468085,0.0,"[0.0, 0.0, 0.0, 2.127659574468085, 0.0, 0.0, 0.0, 0.0, 0.0, 0.0, 0.0, 0.0, 0.0, 0.0, 0.0]",nsp13,S80G
200,C16624A,C16624A (nsp13: L130I),2.985074626865672,0.0,2.985074626865672,0.0,"[0.0, 0.0, 0.0, 0.0, 0.0, 0.0, 0.0, 0.0, 0.0, 0.0, 2.985074626865672, 0.0, 1.2195121951219512, 2.9411764705882355, 0.0]",nsp13,L130I
201,G16700A,G16700A (nsp13: R155H),2.9411764705882355,0.0,2.9411764705882355,0.0,"[0.0, 0.0, 0.0, 0.0, 0.0, 0.0, 0.0, 0.0, 0.0, 0.0, 0.0, 0.0, 0.0, 2.9411764705882355, 0.0]",nsp13,R155H
202,C16733T,C16733T (nsp13: S166L),27.272727272727273,27.272727272727273,27.272727272727273,0.0,"[0.0, 0.0, 0.0, 0.0, 0.0, 0.0, 0.0, 0.0, 0.0, 0.0, 0.0, 0.0, 0.0, 0.0, 27.272727272727273]",nsp13,S166L
203,G16935T,G16935T (nsp13: M233I),1.5873015873015872,0.0,1.5873015873015872,0.0,"[0.0, 0.0, 0.0, 0.0, 0.0, 0.0, 0.0, 0.0, 0.0, 0.0, 0.0, 1.5873015873015872, 0.0, 0.0, 0.0]",nsp13,M233I
204,G16957T,G16957T (nsp13: V241L),2.985074626865672,0.0,2.985074626865672,0.0,"[0.0, 0.0, 0.0, 0.0, 0.0, 0.0, 0.0, 0.0, 0.0, 0.0, 2.985074626865672, 0.0, 0.0, 0.0, 0.0]",nsp13,V241L
205,G17122T,G17122T (nsp13: A296S),1.492537313432836,0.0,1.492537313432836,0.0,"[0.0, 0.0, 0.0, 0.0, 0.0, 0.0, 0.0, 0.0, 0.0, 0.0, 1.492537313432836, 0.0, 0.0, 0.0, 0.0]",nsp13,A296S
206,C17138T,C17138T (nsp13: S301F),3.278688524590164,0.0,3.278688524590164,0.0,"[0.0, 0.0, 0.0, 0.0, 0.0, 0.0, 0.0, 0.0, 0.0, 3.278688524590164, 0.0, 0.0, 0.0, 0.0, 0.0]",nsp13,S301F
207,A17222G,A17222G (nsp13: K329R),0.0,0.0,0.0,0.0,"[0.0, 0.0, 0.0, 0.0, 0.0, 0.0, 0.0, 0.0, 0.0, 0.0, 0.0, 0.0, 0.0, 0.0, 0.0]",nsp13,K329R
208,T17237C,T17237C (nsp13: I334T),1.639344262295082,0.0,1.639344262295082,0.0,"[0.0, 0.0, 0.0, 0.0, 0.0, 0.0, 0.0, 0.0, 0.0, 1.639344262295082, 0.0, 0.0, 0.0, 0.0, 0.0]",nsp13,I334T
209,C17410T,C17410T (nsp13: R392C),3.658536585365854,0.0,3.658536585365854,0.0,"[0.0, 0.0, 0.0, 0.0, 0.0, 0.0, 0.0, 0.0, 0.0, 0.0, 0.0, 0.0, 3.658536585365854, 0.0, 0.0]",nsp13,R392C
210,G17411A,G17411A (nsp13: R392H),2.9411764705882355,0.0,2.9411764705882355,0.0,"[0.0, 0.0, 0.0, 0.0, 0.0, 0.0, 0.0, 0.0, 0.0, 0.0, 0.0, 0.0, 1.2195121951219512, 2.9411764705882355, 0.0]",nsp13,R392H
211,C17642T,C17642T (nsp13: A469V),1.2820512820512822,0.0,1.2820512820512822,0.0,"[0.0, 0.0, 0.0, 0.0, 0.0, 0.0, 0.0, 0.0, 1.2820512820512822, 0.0, 0.0, 0.0, 0.0, 0.0, 0.0]",nsp13,A469V
212,C17690T,C17690T (nsp13: S485L),6.666666666666667,0.0,6.666666666666667,0.0,"[0.0, 0.0, 6.666666666666667, 4.25531914893617, 0.0, 0.0, 0.0, 0.0, 0.0, 0.0, 0.0, 0.0, 0.0, 0.0, 0.0]",nsp13,S485L
213,C17747T,C17747T (nsp13: P504L),2.9411764705882355,0.0,2.9411764705882355,0.0,"[0.0, 0.0, 0.0, 0.0, 0.0, 0.0, 0.0, 0.0, 0.0, 0.0, 0.0, 0.0, 0.0, 2.9411764705882355, 0.0]",nsp13,P504L
214,G17944T,G17944T (nsp13: V570L),1.5873015873015872,0.0,1.5873015873015872,0.0,"[0.0, 0.0, 0.0, 0.0, 0.0, 0.0, 0.0, 0.0, 0.0, 0.0, 0.0, 1.5873015873015872, 0.0, 0.0, 0.0]",nsp13,V570L
215,G17964T,G17964T (nsp13: M576I),6.557377049180328,0.0,6.557377049180328,0.0,"[0.0, 0.0, 0.0, 0.0, 0.0, 0.0, 6.557377049180328, 0.0, 2.5641025641025643, 0.0, 1.492537313432836, 0.0, 0.0, 0.0, 0.0]",nsp13,M576I
216,C18086T,C18086T (nsp14: T16I),1.2820512820512822,0.0,1.2820512820512822,0.0,"[0.0, 0.0, 0.0, 0.0, 0.0, 0.0, 0.0, 0.0, 1.2820512820512822, 0.0, 0.0, 0.0, 0.0, 0.0, 0.0]",nsp14,T16I
217,A18385G,A18385G (nsp14: N116D),1.2195121951219512,0.0,1.2195121951219512,0.0,"[0.0, 0.0, 0.0, 0.0, 0.0, 0.0, 0.0, 0.0, 0.0, 0.0, 0.0, 0.0, 1.2195121951219512, 0.0, 0.0]",nsp14,N116D
218,C18431T,C18431T (nsp14: T131I),1.639344262295082,0.0,1.639344262295082,0.0,"[0.0, 0.0, 0.0, 0.0, 0.0, 0.0, 1.639344262295082, 0.0, 0.0, 0.0, 0.0, 0.0, 0.0, 0.0, 0.0]",nsp14,T131I
219,C18508T,C18508T (nsp14: L157F),1.2820512820512822,0.0,1.2820512820512822,0.0,"[0.0, 0.0, 0.0, 0.0, 0.0, 0.0, 0.0, 0.0, 1.2820512820512822, 0.0, 0.0, 0.0, 0.0, 0.0, 0.0]",nsp14,L157F
220,C18647T,C18647T (nsp14: P203L),1.639344262295082,0.0,1.639344262295082,0.0,"[0.0, 0.0, 0.0, 0.0, 0.0, 0.0, 0.0, 0.0, 0.0, 1.639344262295082, 1.492537313432836, 0.0, 0.0, 0.0, 0.0]",nsp14,P203L
221,G18703A,G18703A (nsp14: D222N),9.090909090909092,0.0,9.090909090909092,0.0,"[0.0, 9.090909090909092, 0.0, 0.0, 0.0, 0.0, 0.0, 0.0, 0.0, 0.0, 0.0, 0.0, 0.0, 0.0, 0.0]",nsp14,D222N
222,G18859T,G18859T (nsp14: A274S),1.2195121951219512,0.0,1.2195121951219512,0.0,"[0.0, 0.0, 0.0, 0.0, 0.0, 0.0, 0.0, 0.0, 0.0, 0.0, 0.0, 0.0, 1.2195121951219512, 0.0, 0.0]",nsp14,A274S
223,G18937T,G18937T (nsp14: G300C),2.272727272727273,0.0,2.272727272727273,0.0,"[0.0, 0.0, 0.0, 0.0, 2.272727272727273, 0.0, 0.0, 0.0, 0.0, 0.0, 0.0, 0.0, 0.0, 0.0, 0.0]",nsp14,G300C
224,G18972T,G18972T (nsp14: K311N),1.2195121951219512,0.0,1.2195121951219512,0.0,"[0.0, 0.0, 0.0, 0.0, 0.0, 0.0, 0.0, 0.0, 0.0, 0.0, 0.0, 0.0, 1.2195121951219512, 0.0, 0.0]",nsp14,K311N
225,C18976G,C18976G (nsp14: Q313E),6.666666666666667,0.0,6.666666666666667,0.0,"[0.0, 0.0, 6.666666666666667, 4.25531914893617, 0.0, 0.0, 0.0, 0.0, 0.0, 0.0, 0.0, 0.0, 0.0, 0.0, 0.0]",nsp14,Q313E
226,A19054C,A19054C (nsp14: K339Q),1.492537313432836,0.0,1.492537313432836,0.0,"[0.0, 0.0, 0.0, 0.0, 0.0, 0.0, 0.0, 0.0, 0.0, 0.0, 1.492537313432836, 0.0, 0.0, 0.0, 0.0]",nsp14,K339Q
227,G19086T,G19086T (nsp14: K349N),21.311475409836067,0.0,21.311475409836067,0.0,"[0.0, 0.0, 0.0, 2.127659574468085, 0.0, 2.5974025974025974, 1.639344262295082, 0.0, 0.0, 21.311475409836067, 0.0, 0.0, 0.0, 0.0, 0.0]",nsp14,K349N
228,A19108T,A19108T (nsp14: S357C),1.5873015873015872,0.0,1.5873015873015872,0.0,"[0.0, 0.0, 0.0, 0.0, 0.0, 0.0, 0.0, 0.0, 0.0, 0.0, 0.0, 1.5873015873015872, 0.0, 0.0, 0.0]",nsp14,S357C
229,G19219T,G19219T (nsp14: A394S),1.639344262295082,0.0,1.639344262295082,0.0,"[0.0, 0.0, 0.0, 0.0, 0.0, 0.0, 1.639344262295082, 0.0, 0.0, 0.0, 0.0, 0.0, 0.0, 0.0, 0.0]",nsp14,A394S
230,G19549T,G19549T (nsp14: A504S),1.492537313432836,0.0,1.492537313432836,0.0,"[0.0, 0.0, 0.0, 0.0, 0.0, 0.0, 0.0, 0.0, 0.0, 0.0, 1.492537313432836, 0.0, 0.0, 0.0, 0.0]",nsp14,A504S
231,C19862T,C19862T (nsp15: A81V),6.666666666666667,0.0,6.666666666666667,0.0,"[0.0, 0.0, 6.666666666666667, 0.0, 0.0, 0.0, 0.0, 0.0, 0.0, 0.0, 0.0, 0.0, 0.0, 0.0, 0.0]",nsp15,A81V
232,G19879A,G19879A (nsp15: D87N),9.23076923076923,0.0,9.23076923076923,0.0,"[0.0, 0.0, 0.0, 0.0, 2.272727272727273, 0.0, 0.0, 9.23076923076923, 2.5641025641025643, 0.0, 0.0, 0.0, 0.0, 0.0, 0.0]",nsp15,D87N
233,G19891T,G19891T (nsp15: D91Y),1.2195121951219512,0.0,1.2195121951219512,0.0,"[0.0, 0.0, 0.0, 0.0, 0.0, 0.0, 0.0, 0.0, 0.0, 0.0, 0.0, 0.0, 1.2195121951219512, 0.0, 0.0]",nsp15,D91Y
234,T20021A,T20021A (nsp15: F134Y),1.5384615384615385,0.0,1.5384615384615385,0.0,"[0.0, 0.0, 0.0, 0.0, 0.0, 0.0, 0.0, 1.5384615384615385, 0.0, 0.0, 0.0, 0.0, 0.0, 0.0, 0.0]",nsp15,F134Y
235,A20047G,A20047G (nsp15: I143V),6.666666666666667,0.0,6.666666666666667,0.0,"[0.0, 0.0, 6.666666666666667, 0.0, 4.545454545454546, 1.2987012987012987, 1.639344262295082, 1.5384615384615385, 1.2820512820512822, 0.0, 0.0, 0.0, 0.0, 0.0, 0.0]",nsp15,I143V
236,T20063A,T20063A (nsp15: V148D),1.2820512820512822,0.0,1.2820512820512822,0.0,"[0.0, 0.0, 0.0, 0.0, 0.0, 0.0, 0.0, 0.0, 1.2820512820512822, 0.0, 0.0, 0.0, 0.0, 0.0, 0.0]",nsp15,V148D
237,G20102T,G20102T (nsp15: S161I),0.0,0.0,0.0,0.0,"[0.0, 0.0, 0.0, 0.0, 0.0, 0.0, 0.0, 0.0, 0.0, 0.0, 0.0, 0.0, 0.0, 0.0, 0.0]",nsp15,S161I
238,C20104T,C20104T (nsp15: L162F),2.9411764705882355,0.0,2.9411764705882355,0.0,"[0.0, 0.0, 0.0, 0.0, 0.0, 0.0, 0.0, 0.0, 0.0, 0.0, 0.0, 0.0, 0.0, 2.9411764705882355, 0.0]",nsp15,L162F
239,T20375C,T20375C (nsp15: I252T),1.2987012987012987,0.0,1.2987012987012987,0.0,"[0.0, 0.0, 0.0, 0.0, 0.0, 1.2987012987012987, 0.0, 0.0, 0.0, 0.0, 0.0, 0.0, 0.0, 0.0, 0.0]",nsp15,I252T
240,C20402T,C20402T (nsp15: S261L),1.639344262295082,0.0,1.639344262295082,0.0,"[0.0, 0.0, 0.0, 0.0, 0.0, 0.0, 0.0, 0.0, 0.0, 1.639344262295082, 0.0, 0.0, 0.0, 0.0, 0.0]",nsp15,S261L
241,C20405T,C20405T (nsp15: P262L),12.987012987012987,0.0,12.987012987012987,0.0,"[0.0, 0.0, 0.0, 0.0, 2.272727272727273, 12.987012987012987, 0.0, 3.076923076923077, 1.2820512820512822, 3.278688524590164, 0.0, 0.0, 1.2195121951219512, 0.0, 0.0]",nsp15,P262L
242,G20416A,G20416A (nsp15: E266K),2.9411764705882355,0.0,2.9411764705882355,0.0,"[0.0, 0.0, 0.0, 0.0, 0.0, 0.0, 0.0, 0.0, 0.0, 0.0, 0.0, 0.0, 0.0, 2.9411764705882355, 0.0]",nsp15,E266K
243,C20468T,C20468T (nsp15: A283V),1.2195121951219512,0.0,1.2195121951219512,0.0,"[0.0, 0.0, 0.0, 0.0, 0.0, 0.0, 0.0, 0.0, 0.0, 0.0, 0.0, 0.0, 1.2195121951219512, 0.0, 0.0]",nsp15,A283V
244,C20480T,C20480T (nsp15: S287L),1.639344262295082,0.0,1.639344262295082,0.0,"[0.0, 0.0, 0.0, 0.0, 0.0, 0.0, 1.639344262295082, 0.0, 0.0, 0.0, 0.0, 0.0, 0.0, 0.0, 0.0]",nsp15,S287L
245,C20483T,C20483T (nsp15: S288F),1.639344262295082,0.0,1.639344262295082,0.0,"[0.0, 0.0, 0.0, 0.0, 0.0, 0.0, 0.0, 0.0, 0.0, 1.639344262295082, 0.0, 0.0, 0.0, 0.0, 0.0]",nsp15,S288F
246,A20630G,A20630G (nsp15: H337R),1.2820512820512822,0.0,1.2820512820512822,0.0,"[0.0, 0.0, 0.0, 0.0, 0.0, 0.0, 0.0, 0.0, 1.2820512820512822, 0.0, 0.0, 0.0, 0.0, 0.0, 0.0]",nsp15,H337R
247,A20755G,A20755G (nsp16: S33G),1.639344262295082,0.0,1.639344262295082,0.0,"[0.0, 0.0, 0.0, 0.0, 0.0, 0.0, 0.0, 0.0, 0.0, 1.639344262295082, 1.492537313432836, 0.0, 0.0, 0.0, 0.0]",nsp16,S33G
248,C20759T,C20759T (nsp16: A34V),22.950819672131146,0.0,22.950819672131146,0.0,"[0.0, 0.0, 0.0, 0.0, 0.0, 1.2987012987012987, 0.0, 0.0, 0.0, 22.950819672131146, 1.492537313432836, 1.5873015873015872, 0.0, 0.0, 0.0]",nsp16,A34V
249,T20861A,T20861A (nsp16: I68K),1.5384615384615385,0.0,1.5384615384615385,0.0,"[0.0, 0.0, 0.0, 0.0, 0.0, 0.0, 0.0, 1.5384615384615385, 0.0, 0.0, 0.0, 0.0, 0.0, 0.0, 0.0]",nsp16,I68K
250,C20987T,C20987T (nsp16: T110I),4.545454545454546,0.0,4.545454545454546,0.0,"[0.0, 0.0, 0.0, 0.0, 4.545454545454546, 0.0, 1.639344262295082, 0.0, 0.0, 0.0, 0.0, 0.0, 0.0, 0.0, 0.0]",nsp16,T110I
251,C21077T,C21077T (nsp16: T140I),3.658536585365854,0.0,3.658536585365854,0.0,"[0.0, 0.0, 0.0, 0.0, 0.0, 1.2987012987012987, 1.639344262295082, 1.5384615384615385, 0.0, 0.0, 0.0, 0.0, 3.658536585365854, 0.0, 0.0]",nsp16,T140I
252,G21204T,G21204T (nsp16: K182N),1.2195121951219512,0.0,1.2195121951219512,0.0,"[0.0, 0.0, 0.0, 0.0, 0.0, 0.0, 0.0, 0.0, 0.0, 0.0, 0.0, 0.0, 1.2195121951219512, 0.0, 0.0]",nsp16,K182N
253,G21220T,G21220T (nsp16: A188S),2.9411764705882355,0.0,2.9411764705882355,0.0,"[0.0, 0.0, 0.0, 0.0, 0.0, 0.0, 0.0, 0.0, 0.0, 1.639344262295082, 0.0, 1.5873015873015872, 0.0, 2.9411764705882355, 0.0]",nsp16,A188S
254,G21268T,G21268T (nsp16: A204S),3.076923076923077,0.0,3.076923076923077,0.0,"[0.0, 0.0, 0.0, 0.0, 0.0, 0.0, 0.0, 3.076923076923077, 0.0, 1.639344262295082, 0.0, 1.5873015873015872, 0.0, 0.0, 0.0]",nsp16,A204S
255,A21358G,A21358G (nsp16: T234A),3.1746031746031744,0.0,3.1746031746031744,0.0,"[0.0, 0.0, 0.0, 0.0, 0.0, 0.0, 0.0, 0.0, 0.0, 0.0, 1.492537313432836, 3.1746031746031744, 0.0, 0.0, 0.0]",nsp16,T234A
256,C21575T,C21575T (Spike: L5F),5.882352941176471,0.0,5.882352941176471,0.0,"[0.0, 0.0, 0.0, 0.0, 2.272727272727273, 0.0, 0.0, 0.0, 0.0, 0.0, 0.0, 0.0, 2.4390243902439024, 5.882352941176471, 0.0]",Spike,L5F
257,C21597T,C21597T (Spike: S12F),1.2987012987012987,0.0,1.2987012987012987,0.0,"[0.0, 0.0, 0.0, 0.0, 0.0, 1.2987012987012987, 0.0, 0.0, 0.0, 0.0, 0.0, 0.0, 0.0, 0.0, 0.0]",Spike,S12F
258,C21614T,C21614T (Spike: L18F),1.639344262295082,0.0,1.639344262295082,0.0,"[0.0, 0.0, 0.0, 0.0, 0.0, 0.0, 0.0, 0.0, 0.0, 1.639344262295082, 0.0, 0.0, 1.2195121951219512, 0.0, 0.0]",Spike,L18F
259,C21621A,C21621A (Spike: T20N),2.127659574468085,0.0,2.127659574468085,0.0,"[0.0, 0.0, 0.0, 2.127659574468085, 0.0, 0.0, 0.0, 0.0, 0.0, 0.0, 0.0, 0.0, 0.0, 0.0, 0.0]",Spike,T20N
260,G21624T,G21624T (Spike: R21I),1.2195121951219512,0.0,1.2195121951219512,0.0,"[0.0, 0.0, 0.0, 0.0, 0.0, 0.0, 0.0, 0.0, 0.0, 0.0, 0.0, 0.0, 1.2195121951219512, 0.0, 0.0]",Spike,R21I
261,C21639T,C21639T (Spike: P26L),2.5641025641025643,0.0,2.5641025641025643,0.0,"[0.0, 0.0, 0.0, 0.0, 0.0, 0.0, 1.639344262295082, 1.5384615384615385, 2.5641025641025643, 0.0, 0.0, 0.0, 1.2195121951219512, 0.0, 0.0]",Spike,P26L
262,A21684G,A21684G (Spike: K41R),2.272727272727273,0.0,2.272727272727273,0.0,"[0.0, 0.0, 0.0, 0.0, 2.272727272727273, 0.0, 0.0, 0.0, 0.0, 0.0, 0.0, 0.0, 0.0, 0.0, 0.0]",Spike,K41R
263,C21767T,C21767T (Spike: H69Y),1.2987012987012987,0.0,1.2987012987012987,0.0,"[0.0, 0.0, 0.0, 0.0, 0.0, 1.2987012987012987, 0.0, 0.0, 0.0, 0.0, 0.0, 0.0, 0.0, 0.0, 0.0]",Spike,H69Y
264,A21768C,A21768C (Spike: H69P),1.2987012987012987,0.0,1.2987012987012987,0.0,"[0.0, 0.0, 0.0, 0.0, 0.0, 1.2987012987012987, 0.0, 0.0, 0.0, 0.0, 0.0, 0.0, 0.0, 0.0, 0.0]",Spike,H69P
265,G21770A,G21770A (Spike: V70I),2.9411764705882355,0.0,2.9411764705882355,0.0,"[0.0, 0.0, 0.0, 0.0, 0.0, 1.2987012987012987, 0.0, 0.0, 0.0, 0.0, 0.0, 0.0, 0.0, 2.9411764705882355, 0.0]",Spike,V70I
266,C21846T,C21846T (Spike: T95I),1.5873015873015872,0.0,1.5873015873015872,0.0,"[0.0, 0.0, 0.0, 0.0, 0.0, 0.0, 0.0, 0.0, 0.0, 0.0, 0.0, 1.5873015873015872, 0.0, 0.0, 0.0]",Spike,T95I
267,A21849T,A21849T (Spike: E96V),2.272727272727273,0.0,2.272727272727273,0.0,"[0.0, 0.0, 0.0, 0.0, 2.272727272727273, 0.0, 0.0, 0.0, 0.0, 0.0, 0.0, 0.0, 0.0, 0.0, 0.0]",Spike,E96V
268,C21859A,C21859A (Spike: N99K),2.5974025974025974,0.0,2.5974025974025974,0.0,"[0.0, 0.0, 0.0, 0.0, 0.0, 2.5974025974025974, 0.0, 0.0, 0.0, 0.0, 0.0, 0.0, 0.0, 0.0, 0.0]",Spike,N99K
269,A21972G,A21972G (Spike: N137S),6.410256410256411,0.0,6.410256410256411,0.0,"[0.0, 0.0, 0.0, 0.0, 0.0, 0.0, 0.0, 0.0, 6.410256410256411, 3.278688524590164, 0.0, 0.0, 3.658536585365854, 5.882352941176471, 0.0]",Spike,N137S
270,G21987T,G21987T (Spike: G142V),2.272727272727273,0.0,2.272727272727273,0.0,"[0.0, 0.0, 0.0, 0.0, 2.272727272727273, 1.2987012987012987, 0.0, 0.0, 0.0, 0.0, 0.0, 0.0, 0.0, 0.0, 0.0]",Spike,G142V
271,T21992G,T21992G (Spike: Y144D),1.2987012987012987,0.0,1.2987012987012987,0.0,"[0.0, 0.0, 0.0, 0.0, 0.0, 1.2987012987012987, 0.0, 0.0, 0.0, 0.0, 0.0, 0.0, 0.0, 0.0, 0.0]",Spike,Y144D
272,A21993T,A21993T (Spike: Y144F),1.2987012987012987,0.0,1.2987012987012987,0.0,"[0.0, 0.0, 0.0, 0.0, 0.0, 1.2987012987012987, 0.0, 0.0, 0.0, 0.0, 0.0, 0.0, 0.0, 0.0, 0.0]",Spike,Y144F
273,A22002C,A22002C (Spike: K147T),6.666666666666667,0.0,6.666666666666667,0.0,"[0.0, 0.0, 6.666666666666667, 0.0, 0.0, 0.0, 0.0, 0.0, 0.0, 0.0, 0.0, 0.0, 0.0, 0.0, 0.0]",Spike,K147T
274,G22021T,G22021T (Spike: M153I),1.639344262295082,0.0,1.639344262295082,0.0,"[0.0, 0.0, 0.0, 0.0, 0.0, 0.0, 1.639344262295082, 0.0, 0.0, 0.0, 0.0, 0.0, 0.0, 0.0, 0.0]",Spike,M153I
275,C22033A,C22033A (Spike: F157L),8.823529411764707,0.0,8.823529411764707,0.0,"[0.0, 0.0, 0.0, 0.0, 0.0, 0.0, 0.0, 0.0, 0.0, 0.0, 0.0, 0.0, 2.4390243902439024, 8.823529411764707, 0.0]",Spike,F157L
276,G22103C,G22103C (Spike: G181R),3.1746031746031744,0.0,3.1746031746031744,0.0,"[0.0, 0.0, 0.0, 0.0, 0.0, 0.0, 0.0, 0.0, 0.0, 0.0, 0.0, 3.1746031746031744, 0.0, 0.0, 0.0]",Spike,G181R
277,C22227T,C22227T (Spike: A222V),1.5873015873015872,0.0,1.5873015873015872,0.0,"[0.0, 0.0, 0.0, 0.0, 0.0, 0.0, 0.0, 0.0, 0.0, 0.0, 0.0, 1.5873015873015872, 0.0, 0.0, 0.0]",Spike,A222V
278,A22259G,A22259G (Spike: I233V),6.666666666666667,0.0,6.666666666666667,0.0,"[0.0, 0.0, 6.666666666666667, 4.25531914893617, 0.0, 0.0, 0.0, 0.0, 0.0, 0.0, 0.0, 0.0, 0.0, 0.0, 0.0]",Spike,I233V
279,C22286T,C22286T (Spike: L242F),2.985074626865672,0.0,2.985074626865672,0.0,"[0.0, 0.0, 0.0, 0.0, 0.0, 2.5974025974025974, 0.0, 0.0, 0.0, 1.639344262295082, 2.985074626865672, 1.5873015873015872, 1.2195121951219512, 2.9411764705882355, 0.0]",Spike,L242F
280,T22287A,T22287A (Spike: L242H),1.2987012987012987,0.0,1.2987012987012987,0.0,"[0.0, 0.0, 0.0, 0.0, 0.0, 1.2987012987012987, 0.0, 0.0, 0.0, 0.0, 0.0, 0.0, 0.0, 0.0, 0.0]",Spike,L242H
281,G22289A,G22289A (Spike: A243T),2.985074626865672,0.0,2.985074626865672,0.0,"[0.0, 0.0, 0.0, 0.0, 0.0, 2.5974025974025974, 1.639344262295082, 0.0, 0.0, 0.0, 2.985074626865672, 0.0, 0.0, 0.0, 0.0]",Spike,A243T
282,G22302T,G22302T (Spike: S247I),2.985074626865672,0.0,2.985074626865672,0.0,"[0.0, 0.0, 0.0, 0.0, 0.0, 0.0, 0.0, 0.0, 0.0, 1.639344262295082, 2.985074626865672, 0.0, 0.0, 0.0, 0.0]",Spike,S247I
283,C22323T,C22323T (Spike: S254F),1.639344262295082,0.0,1.639344262295082,0.0,"[0.0, 0.0, 0.0, 0.0, 0.0, 0.0, 0.0, 0.0, 0.0, 1.639344262295082, 1.492537313432836, 0.0, 0.0, 0.0, 0.0]",Spike,S254F
284,C22326T,C22326T (Spike: S255F),4.615384615384615,0.0,4.615384615384615,0.0,"[0.0, 0.0, 0.0, 0.0, 0.0, 0.0, 0.0, 4.615384615384615, 1.2820512820512822, 1.639344262295082, 0.0, 0.0, 0.0, 0.0, 0.0]",Spike,S255F
285,C22338T,C22338T (Spike: T259I),6.666666666666667,0.0,6.666666666666667,0.0,"[0.0, 0.0, 6.666666666666667, 0.0, 0.0, 0.0, 0.0, 0.0, 0.0, 0.0, 0.0, 0.0, 0.0, 0.0, 0.0]",Spike,T259I
286,G22487C,G22487C (Spike: E309Q),5.882352941176471,0.0,5.882352941176471,0.0,"[0.0, 0.0, 0.0, 0.0, 0.0, 0.0, 0.0, 0.0, 0.0, 0.0, 0.0, 1.5873015873015872, 0.0, 5.882352941176471, 0.0]",Spike,E309Q
287,T23042C,T23042C (Spike: S494P),3.278688524590164,0.0,3.278688524590164,0.0,"[0.0, 0.0, 0.0, 0.0, 0.0, 0.0, 0.0, 1.5384615384615385, 0.0, 3.278688524590164, 2.985074626865672, 3.1746031746031744, 0.0, 0.0, 0.0]",Spike,S494P
288,C23202T,C23202T (Spike: T547I),1.2820512820512822,0.0,1.2820512820512822,0.0,"[0.0, 0.0, 0.0, 0.0, 0.0, 0.0, 0.0, 0.0, 1.2820512820512822, 0.0, 0.0, 0.0, 0.0, 0.0, 0.0]",Spike,T547I
289,G23236T,G23236T (Spike: K558N),1.639344262295082,0.0,1.639344262295082,0.0,"[0.0, 0.0, 0.0, 0.0, 0.0, 0.0, 0.0, 0.0, 0.0, 1.639344262295082, 0.0, 0.0, 0.0, 0.0, 0.0]",Spike,K558N
290,G23282T,G23282T (Spike: D574Y),2.9411764705882355,0.0,2.9411764705882355,0.0,"[0.0, 0.0, 0.0, 0.0, 0.0, 0.0, 0.0, 0.0, 0.0, 0.0, 0.0, 0.0, 0.0, 2.9411764705882355, 0.0]",Spike,D574Y
291,G23311T,G23311T (Spike: E583D),1.492537313432836,0.0,1.492537313432836,0.0,"[0.0, 0.0, 0.0, 0.0, 0.0, 0.0, 0.0, 0.0, 0.0, 0.0, 1.492537313432836, 0.0, 0.0, 0.0, 0.0]",Spike,E583D
292,G23401T,G23401T (Spike: Q613H),1.2987012987012987,0.0,1.2987012987012987,0.0,"[0.0, 0.0, 0.0, 0.0, 0.0, 1.2987012987012987, 0.0, 0.0, 0.0, 0.0, 0.0, 0.0, 0.0, 0.0, 0.0]",Spike,Q613H
293,G23441A,G23441A (Spike: D627N),8.823529411764707,0.0,8.823529411764707,0.0,"[0.0, 0.0, 0.0, 0.0, 0.0, 0.0, 0.0, 0.0, 0.0, 0.0, 0.0, 0.0, 2.4390243902439024, 8.823529411764707, 0.0]",Spike,D627N
294,G23587T,G23587T (Spike: Q675H),1.492537313432836,0.0,1.492537313432836,0.0,"[0.0, 0.0, 0.0, 0.0, 0.0, 0.0, 0.0, 0.0, 0.0, 0.0, 1.492537313432836, 0.0, 0.0, 0.0, 0.0]",Spike,Q675H
295,G23612T,G23612T (Spike: A684S),1.5384615384615385,0.0,1.5384615384615385,0.0,"[0.0, 0.0, 0.0, 0.0, 0.0, 0.0, 0.0, 1.5384615384615385, 0.0, 0.0, 0.0, 0.0, 0.0, 0.0, 0.0]",Spike,A684S
296,C23630A,C23630A (Spike: Q690K),4.918032786885246,0.0,4.918032786885246,0.0,"[0.0, 0.0, 0.0, 0.0, 0.0, 0.0, 0.0, 0.0, 0.0, 4.918032786885246, 1.492537313432836, 0.0, 0.0, 0.0, 0.0]",Spike,Q690K
297,C23664T,C23664T (Spike: A701V),1.639344262295082,0.0,1.639344262295082,0.0,"[0.0, 0.0, 0.0, 0.0, 0.0, 0.0, 1.639344262295082, 1.5384615384615385, 1.2820512820512822, 1.639344262295082, 0.0, 0.0, 0.0, 0.0, 0.0]",Spike,A701V
298,C23709T,C23709T (Spike: T716I),1.2820512820512822,0.0,1.2820512820512822,0.0,"[0.0, 0.0, 0.0, 0.0, 0.0, 0.0, 0.0, 0.0, 1.2820512820512822, 0.0, 0.0, 0.0, 0.0, 0.0, 0.0]",Spike,T716I
299,C23745T,C23745T (Spike: P728L),1.2195121951219512,0.0,1.2195121951219512,0.0,"[0.0, 0.0, 0.0, 0.0, 0.0, 0.0, 0.0, 0.0, 0.0, 0.0, 0.0, 0.0, 1.2195121951219512, 0.0, 0.0]",Spike,P728L
300,G23868T,G23868T (Spike: G769V),1.5873015873015872,0.0,1.5873015873015872,0.0,"[0.0, 0.0, 0.0, 0.0, 0.0, 0.0, 0.0, 0.0, 0.0, 0.0, 0.0, 1.5873015873015872, 0.0, 0.0, 0.0]",Spike,G769V
301,C23996T,C23996T (Spike: P812S),2.272727272727273,0.0,2.272727272727273,0.0,"[0.0, 0.0, 0.0, 2.127659574468085, 2.272727272727273, 0.0, 0.0, 0.0, 0.0, 0.0, 0.0, 0.0, 0.0, 0.0, 0.0]",Spike,P812S
302,G24095T,G24095T (Spike: A845S),13.414634146341463,0.0,13.414634146341463,0.0,"[0.0, 0.0, 0.0, 8.51063829787234, 2.272727272727273, 2.5974025974025974, 1.639344262295082, 6.153846153846154, 3.8461538461538463, 1.639344262295082, 7.462686567164179, 6.349206349206349, 13.414634146341463, 5.882352941176471, 0.0]",Spike,A845S
303,G24098T,G24098T (Spike: A846S),1.2195121951219512,0.0,1.2195121951219512,0.0,"[0.0, 0.0, 0.0, 0.0, 0.0, 0.0, 0.0, 0.0, 0.0, 0.0, 0.0, 0.0, 1.2195121951219512, 0.0, 0.0]",Spike,A846S
304,C24210T,C24210T (Spike: T883I),2.9411764705882355,0.0,2.9411764705882355,0.0,"[0.0, 0.0, 0.0, 0.0, 0.0, 0.0, 0.0, 0.0, 0.0, 0.0, 1.492537313432836, 0.0, 0.0, 2.9411764705882355, 0.0]",Spike,T883I
305,C24237T,C24237T (Spike: A892V),1.2820512820512822,0.0,1.2820512820512822,0.0,"[0.0, 0.0, 0.0, 0.0, 0.0, 0.0, 0.0, 0.0, 1.2820512820512822, 0.0, 0.0, 0.0, 0.0, 0.0, 0.0]",Spike,A892V
306,C24308T,C24308T (Spike: L916F),1.2987012987012987,0.0,1.2987012987012987,0.0,"[0.0, 0.0, 0.0, 0.0, 0.0, 1.2987012987012987, 0.0, 0.0, 0.0, 0.0, 0.0, 0.0, 0.0, 0.0, 0.0]",Spike,L916F
307,G24348T,G24348T (Spike: S929I),2.127659574468085,0.0,2.127659574468085,0.0,"[0.0, 0.0, 0.0, 2.127659574468085, 0.0, 0.0, 0.0, 0.0, 0.0, 0.0, 0.0, 0.0, 0.0, 0.0, 0.0]",Spike,S929I
308,A24389C,A24389C (Spike: S943R),1.2987012987012987,0.0,1.2987012987012987,0.0,"[0.0, 0.0, 0.0, 0.0, 0.0, 1.2987012987012987, 0.0, 0.0, 0.0, 0.0, 0.0, 0.0, 0.0, 0.0, 0.0]",Spike,S943R
309,G24390C,G24390C (Spike: S943T),1.2987012987012987,0.0,1.2987012987012987,0.0,"[0.0, 0.0, 0.0, 0.0, 0.0, 1.2987012987012987, 0.0, 0.0, 0.0, 0.0, 0.0, 0.0, 0.0, 0.0, 0.0]",Spike,S943T
310,G24620T,G24620T (Spike: A1020S),1.2987012987012987,0.0,1.2987012987012987,0.0,"[0.0, 0.0, 0.0, 0.0, 0.0, 1.2987012987012987, 0.0, 0.0, 0.0, 0.0, 0.0, 0.0, 0.0, 0.0, 0.0]",Spike,A1020S
311,A24696G,A24696G (Spike: K1045R),1.5384615384615385,0.0,1.5384615384615385,0.0,"[0.0, 0.0, 0.0, 0.0, 0.0, 0.0, 0.0, 1.5384615384615385, 0.0, 0.0, 0.0, 0.0, 0.0, 0.0, 0.0]",Spike,K1045R
312,G24764A,G24764A (Spike: V1068I),2.127659574468085,0.0,2.127659574468085,0.0,"[0.0, 0.0, 0.0, 2.127659574468085, 0.0, 0.0, 0.0, 0.0, 0.0, 0.0, 0.0, 0.0, 0.0, 0.0, 0.0]",Spike,V1068I
313,G24781T,G24781T (Spike: K1073N),2.5974025974025974,0.0,2.5974025974025974,0.0,"[0.0, 0.0, 0.0, 0.0, 0.0, 2.5974025974025974, 0.0, 0.0, 0.0, 0.0, 0.0, 0.0, 0.0, 0.0, 0.0]",Spike,K1073N
314,G24998C,G24998C (Spike: D1146H),2.4390243902439024,0.0,2.4390243902439024,0.0,"[0.0, 0.0, 0.0, 0.0, 0.0, 0.0, 0.0, 0.0, 0.0, 0.0, 0.0, 0.0, 2.4390243902439024, 0.0, 0.0]",Spike,D1146H
315,A25008G,A25008G (Spike: K1149R),1.639344262295082,0.0,1.639344262295082,0.0,"[0.0, 0.0, 0.0, 0.0, 0.0, 0.0, 1.639344262295082, 0.0, 0.0, 0.0, 0.0, 0.0, 0.0, 0.0, 0.0]",Spike,K1149R
316,G25019T,G25019T (Spike: D1153Y),8.823529411764707,0.0,8.823529411764707,0.0,"[0.0, 0.0, 0.0, 0.0, 0.0, 0.0, 0.0, 0.0, 0.0, 0.0, 0.0, 0.0, 2.4390243902439024, 8.823529411764707, 0.0]",Spike,D1153Y
317,G25064A,G25064A (Spike: D1168N),1.2820512820512822,0.0,1.2820512820512822,0.0,"[0.0, 0.0, 0.0, 0.0, 0.0, 0.0, 0.0, 0.0, 1.2820512820512822, 0.0, 0.0, 0.0, 0.0, 0.0, 0.0]",Spike,D1168N
318,A25154G,A25154G (Spike: I1198V),2.127659574468085,0.0,2.127659574468085,0.0,"[0.0, 0.0, 0.0, 2.127659574468085, 0.0, 0.0, 0.0, 0.0, 0.0, 0.0, 0.0, 0.0, 0.0, 0.0, 0.0]",Spike,I1198V
319,C25163A,C25163A (Spike: Q1201K),2.9411764705882355,0.0,2.9411764705882355,0.0,"[0.0, 0.0, 0.0, 0.0, 0.0, 0.0, 0.0, 0.0, 0.0, 0.0, 0.0, 0.0, 0.0, 2.9411764705882355, 0.0]",Spike,Q1201K
320,G25166C,G25166C (Spike: E1202Q),2.9411764705882355,0.0,2.9411764705882355,0.0,"[0.0, 0.0, 0.0, 0.0, 0.0, 0.0, 0.0, 0.0, 0.0, 0.0, 0.0, 0.0, 0.0, 2.9411764705882355, 0.0]",Spike,E1202Q
321,A25185G,A25185G (Spike: Q1208R),2.9411764705882355,0.0,2.9411764705882355,0.0,"[0.0, 0.0, 0.0, 0.0, 0.0, 0.0, 0.0, 0.0, 0.0, 0.0, 0.0, 0.0, 0.0, 2.9411764705882355, 0.0]",Spike,Q1208R
322,G25186T,G25186T (Spike: Q1208H),5.970149253731344,0.0,5.970149253731344,0.0,"[0.0, 0.0, 0.0, 0.0, 0.0, 0.0, 0.0, 0.0, 0.0, 0.0, 5.970149253731344, 3.1746031746031744, 2.4390243902439024, 0.0, 0.0]",Spike,Q1208H
323,G25249T,G25249T (Spike: M1229I),1.2195121951219512,0.0,1.2195121951219512,0.0,"[0.0, 0.0, 0.0, 0.0, 0.0, 0.0, 0.0, 0.0, 0.0, 0.0, 0.0, 0.0, 1.2195121951219512, 0.0, 0.0]",Spike,M1229I
324,G25302T,G25302T (Spike: C1247F),6.666666666666667,0.0,6.666666666666667,0.0,"[0.0, 0.0, 6.666666666666667, 0.0, 0.0, 0.0, 0.0, 3.076923076923077, 0.0, 3.278688524590164, 0.0, 1.5873015873015872, 0.0, 0.0, 0.0]",Spike,C1247F
325,G25311T,G25311T (Spike: C1250F),2.5974025974025974,0.0,2.5974025974025974,0.0,"[0.0, 0.0, 0.0, 0.0, 2.272727272727273, 2.5974025974025974, 1.639344262295082, 0.0, 0.0, 0.0, 0.0, 0.0, 0.0, 0.0, 0.0]",Spike,C1250F
326,G25314T,G25314T (Spike: G1251V),1.2987012987012987,0.0,1.2987012987012987,0.0,"[0.0, 0.0, 0.0, 0.0, 0.0, 1.2987012987012987, 0.0, 0.0, 1.2820512820512822, 0.0, 0.0, 0.0, 0.0, 0.0, 0.0]",Spike,G1251V
327,G25323T,G25323T (Spike: C1254F),0.0,0.0,0.0,0.0,"[0.0, 0.0, 0.0, 0.0, 0.0, 0.0, 0.0, 0.0, 0.0, 0.0, 0.0, 0.0, 0.0, 0.0, 0.0]",Spike,C1254F
328,T25435G,T25435G (orf3a: L15V),1.639344262295082,0.0,1.639344262295082,0.0,"[0.0, 0.0, 0.0, 0.0, 0.0, 0.0, 1.639344262295082, 0.0, 0.0, 0.0, 0.0, 0.0, 0.0, 0.0, 0.0]",orf3a,L15V
329,G25459T,G25459T (orf3a: A23S),1.639344262295082,0.0,1.639344262295082,0.0,"[0.0, 0.0, 0.0, 0.0, 0.0, 0.0, 0.0, 0.0, 0.0, 1.639344262295082, 1.492537313432836, 0.0, 0.0, 0.0, 0.0]",orf3a,A23S
330,G25483A,G25483A (orf3a: A31T),1.5873015873015872,0.0,1.5873015873015872,0.0,"[0.0, 0.0, 0.0, 0.0, 0.0, 0.0, 0.0, 0.0, 0.0, 0.0, 1.492537313432836, 1.5873015873015872, 0.0, 0.0, 0.0]",orf3a,A31T
331,T25510C,T25510C (orf3a: S40P),1.5873015873015872,0.0,1.5873015873015872,0.0,"[0.0, 0.0, 0.0, 0.0, 0.0, 0.0, 0.0, 0.0, 0.0, 0.0, 0.0, 1.5873015873015872, 0.0, 0.0, 0.0]",orf3a,S40P
332,C25513T,C25513T (orf3a: L41F),1.639344262295082,0.0,1.639344262295082,0.0,"[0.0, 0.0, 0.0, 0.0, 0.0, 0.0, 0.0, 0.0, 0.0, 1.639344262295082, 0.0, 0.0, 0.0, 0.0, 0.0]",orf3a,L41F
333,T25532C,T25532C (orf3a: I47T),3.278688524590164,0.0,3.278688524590164,0.0,"[0.0, 0.0, 0.0, 0.0, 0.0, 0.0, 0.0, 0.0, 0.0, 3.278688524590164, 0.0, 0.0, 0.0, 0.0, 0.0]",orf3a,I47T
334,G25538T,G25538T (orf3a: G49V),27.272727272727273,27.272727272727273,27.272727272727273,0.0,"[0.0, 0.0, 0.0, 0.0, 2.272727272727273, 6.4935064935064934, 0.0, 0.0, 3.8461538461538463, 3.278688524590164, 0.0, 0.0, 0.0, 0.0, 27.272727272727273]",orf3a,G49V
335,G25543A,G25543A (orf3a: A51T),5.882352941176471,0.0,5.882352941176471,0.0,"[0.0, 0.0, 0.0, 0.0, 0.0, 0.0, 0.0, 0.0, 0.0, 0.0, 0.0, 0.0, 3.658536585365854, 5.882352941176471, 0.0]",orf3a,A51T
336,C25553T,C25553T (orf3a: A54V),3.076923076923077,0.0,3.076923076923077,0.0,"[0.0, 0.0, 0.0, 0.0, 2.272727272727273, 0.0, 1.639344262295082, 3.076923076923077, 0.0, 0.0, 0.0, 0.0, 0.0, 0.0, 0.0]",orf3a,A54V
337,G25563C,G25563C (orf3a: Q57H),6.666666666666667,0.0,6.666666666666667,0.0,"[0.0, 0.0, 6.666666666666667, 2.127659574468085, 2.272727272727273, 0.0, 0.0, 0.0, 0.0, 0.0, 0.0, 0.0, 0.0, 0.0, 0.0]",orf3a,Q57H
338,C25585T,C25585T (orf3a: L65F),2.5974025974025974,0.0,2.5974025974025974,0.0,"[0.0, 0.0, 0.0, 0.0, 0.0, 2.5974025974025974, 0.0, 0.0, 1.2820512820512822, 0.0, 0.0, 0.0, 0.0, 0.0, 0.0]",orf3a,L65F
339,C25613T,C25613T (orf3a: S74F),9.090909090909092,0.0,9.090909090909092,0.0,"[0.0, 9.090909090909092, 0.0, 0.0, 0.0, 0.0, 0.0, 0.0, 0.0, 0.0, 0.0, 0.0, 0.0, 0.0, 0.0]",orf3a,S74F
340,G25647T,G25647T (orf3a: L85F),1.639344262295082,0.0,1.639344262295082,0.0,"[0.0, 0.0, 0.0, 0.0, 0.0, 0.0, 0.0, 0.0, 1.2820512820512822, 1.639344262295082, 0.0, 0.0, 0.0, 0.0, 0.0]",orf3a,L85F
341,C25658T,C25658T (orf3a: T89I),1.492537313432836,0.0,1.492537313432836,0.0,"[0.0, 0.0, 0.0, 0.0, 0.0, 0.0, 0.0, 0.0, 0.0, 0.0, 1.492537313432836, 0.0, 0.0, 0.0, 0.0]",orf3a,T89I
342,T25666C,T25666C (orf3a: S92P),1.2820512820512822,0.0,1.2820512820512822,0.0,"[0.0, 0.0, 0.0, 0.0, 0.0, 0.0, 0.0, 0.0, 1.2820512820512822, 0.0, 0.0, 0.0, 0.0, 0.0, 0.0]",orf3a,S92P
343,G25684A,G25684A (orf3a: A98T),2.127659574468085,0.0,2.127659574468085,0.0,"[0.0, 0.0, 0.0, 2.127659574468085, 0.0, 0.0, 0.0, 0.0, 0.0, 0.0, 0.0, 0.0, 0.0, 0.0, 0.0]",orf3a,A98T
344,G25690T,G25690T (orf3a: G100C),2.985074626865672,0.0,2.985074626865672,0.0,"[0.0, 0.0, 0.0, 0.0, 0.0, 0.0, 0.0, 0.0, 0.0, 1.639344262295082, 2.985074626865672, 0.0, 0.0, 0.0, 0.0]",orf3a,G100C
345,G25767T,G25767T (orf3a: M125I),1.492537313432836,0.0,1.492537313432836,0.0,"[0.0, 0.0, 0.0, 0.0, 0.0, 0.0, 0.0, 0.0, 0.0, 0.0, 1.492537313432836, 0.0, 0.0, 0.0, 0.0]",orf3a,M125I
346,G25769T,G25769T (orf3a: R126M),1.492537313432836,0.0,1.492537313432836,0.0,"[0.0, 0.0, 0.0, 0.0, 0.0, 0.0, 0.0, 0.0, 0.0, 0.0, 1.492537313432836, 0.0, 0.0, 0.0, 0.0]",orf3a,R126M
347,C25777T,C25777T (orf3a: L129F),2.5641025641025643,0.0,2.5641025641025643,0.0,"[0.0, 0.0, 0.0, 0.0, 2.272727272727273, 0.0, 0.0, 0.0, 2.5641025641025643, 0.0, 0.0, 0.0, 0.0, 0.0, 0.0]",orf3a,L129F
348,G25816T,G25816T (orf3a: D142Y),1.639344262295082,0.0,1.639344262295082,0.0,"[0.0, 0.0, 0.0, 0.0, 0.0, 0.0, 0.0, 0.0, 0.0, 1.639344262295082, 0.0, 0.0, 0.0, 0.0, 0.0]",orf3a,D142Y
349,G25855T,G25855T (orf3a: D155Y),4.477611940298507,0.0,4.477611940298507,0.0,"[0.0, 0.0, 0.0, 0.0, 0.0, 0.0, 0.0, 0.0, 0.0, 0.0, 4.477611940298507, 1.5873015873015872, 0.0, 0.0, 0.0]",orf3a,D155Y
350,C25904T,C25904T (orf3a: S171L),6.557377049180328,0.0,6.557377049180328,0.0,"[0.0, 0.0, 0.0, 4.25531914893617, 2.272727272727273, 2.5974025974025974, 3.278688524590164, 0.0, 1.2820512820512822, 6.557377049180328, 1.492537313432836, 1.5873015873015872, 0.0, 0.0, 0.0]",orf3a,S171L
351,G25906C,G25906C (orf3a: G172R),6.666666666666667,0.0,6.666666666666667,0.0,"[0.0, 0.0, 6.666666666666667, 0.0, 0.0, 0.0, 0.0, 3.076923076923077, 0.0, 1.639344262295082, 0.0, 1.5873015873015872, 0.0, 0.0, 0.0]",orf3a,G172R
352,G25913A,G25913A (orf3a: G174D),3.1746031746031744,0.0,3.1746031746031744,0.0,"[0.0, 0.0, 0.0, 0.0, 0.0, 0.0, 0.0, 0.0, 0.0, 0.0, 0.0, 3.1746031746031744, 0.0, 0.0, 0.0]",orf3a,G174D
353,A25974C,A25974C (orf3a: E194D),1.2820512820512822,0.0,1.2820512820512822,0.0,"[0.0, 0.0, 0.0, 0.0, 0.0, 0.0, 0.0, 0.0, 1.2820512820512822, 0.0, 0.0, 0.0, 0.0, 0.0, 0.0]",orf3a,E194D
354,A26003G,A26003G (orf3a: H204R),1.639344262295082,0.0,1.639344262295082,0.0,"[0.0, 0.0, 0.0, 0.0, 0.0, 0.0, 0.0, 0.0, 0.0, 1.639344262295082, 0.0, 0.0, 0.0, 0.0, 0.0]",orf3a,H204R
355,C26078G,C26078G (orf3a: T229S),2.4390243902439024,0.0,2.4390243902439024,0.0,"[0.0, 0.0, 0.0, 0.0, 0.0, 0.0, 0.0, 0.0, 0.0, 0.0, 0.0, 0.0, 2.4390243902439024, 0.0, 0.0]",orf3a,T229S
356,G26158T,G26158T (orf3a: V256F),1.639344262295082,0.0,1.639344262295082,0.0,"[0.0, 0.0, 0.0, 0.0, 0.0, 0.0, 0.0, 0.0, 0.0, 1.639344262295082, 1.492537313432836, 0.0, 0.0, 0.0, 0.0]",orf3a,V256F
357,A26189C,A26189C (orf3a: E266A),1.2820512820512822,0.0,1.2820512820512822,0.0,"[0.0, 0.0, 0.0, 0.0, 0.0, 0.0, 0.0, 0.0, 1.2820512820512822, 0.0, 0.0, 0.0, 0.0, 0.0, 0.0]",orf3a,E266A
358,G26217T,G26217T (orf3a: L275F),1.5384615384615385,0.0,1.5384615384615385,0.0,"[0.0, 0.0, 0.0, 0.0, 0.0, 0.0, 0.0, 1.5384615384615385, 0.0, 0.0, 0.0, 0.0, 1.2195121951219512, 0.0, 0.0]",orf3a,L275F
359,C26408A,C26408A (E: S55Y),1.639344262295082,0.0,1.639344262295082,0.0,"[0.0, 0.0, 0.0, 0.0, 0.0, 0.0, 0.0, 0.0, 0.0, 1.639344262295082, 0.0, 0.0, 0.0, 0.0, 0.0]",E,S55Y
360,G26416T,G26416T (E: V58F),5.128205128205129,0.0,5.128205128205129,0.0,"[0.0, 0.0, 0.0, 0.0, 0.0, 1.2987012987012987, 3.278688524590164, 1.5384615384615385, 5.128205128205129, 0.0, 1.492537313432836, 1.5873015873015872, 1.2195121951219512, 2.9411764705882355, 0.0]",E,V58F
361,C26447G,C26447G (E: S68C),0.0,0.0,0.0,0.0,"[0.0, 0.0, 0.0, 0.0, 0.0, 0.0, 0.0, 0.0, 0.0, 0.0, 0.0, 0.0, 0.0, 0.0, 0.0]",E,S68C
362,C26461T,C26461T (E: L73F),1.2987012987012987,0.0,1.2987012987012987,0.0,"[0.0, 0.0, 0.0, 0.0, 0.0, 1.2987012987012987, 0.0, 0.0, 0.0, 0.0, 0.0, 0.0, 0.0, 0.0, 0.0]",E,L73F
363,G26550T,G26550T (M: V10F),0.0,0.0,0.0,0.0,"[0.0, 0.0, 0.0, 0.0, 0.0, 0.0, 0.0, 0.0, 0.0, 0.0, 0.0, 0.0, 0.0, 0.0, 0.0]",M,V10F
364,G26589T,G26589T (M: V23L),1.492537313432836,0.0,1.492537313432836,0.0,"[0.0, 0.0, 0.0, 0.0, 0.0, 0.0, 0.0, 0.0, 0.0, 0.0, 1.492537313432836, 0.0, 0.0, 0.0, 0.0]",M,V23L
365,A26650G,A26650G (M: N43S),0.0,0.0,0.0,0.0,"[0.0, 0.0, 0.0, 0.0, 0.0, 0.0, 0.0, 0.0, 0.0, 0.0, 0.0, 0.0, 0.0, 0.0, 0.0]",M,N43S
366,G26718T,G26718T (M: V66L),1.2195121951219512,0.0,1.2195121951219512,0.0,"[0.0, 0.0, 0.0, 0.0, 0.0, 0.0, 0.0, 0.0, 0.0, 0.0, 0.0, 0.0, 1.2195121951219512, 0.0, 0.0]",M,V66L
367,C26895T,C26895T (M: H125Y),0.0,0.0,0.0,0.0,"[0.0, 0.0, 0.0, 0.0, 0.0, 0.0, 0.0, 0.0, 0.0, 0.0, 0.0, 0.0, 0.0, 0.0, 0.0]",M,H125Y
368,C26985T,C26985T (M: H155Y),2.985074626865672,0.0,2.985074626865672,0.0,"[0.0, 0.0, 0.0, 0.0, 0.0, 0.0, 0.0, 0.0, 0.0, 0.0, 2.985074626865672, 0.0, 0.0, 0.0, 0.0]",M,H155Y
369,G26995T,G26995T (M: R158L),4.615384615384615,0.0,4.615384615384615,0.0,"[0.0, 0.0, 0.0, 0.0, 0.0, 0.0, 0.0, 4.615384615384615, 3.8461538461538463, 1.639344262295082, 0.0, 0.0, 0.0, 0.0, 0.0]",M,R158L
370,G27261T,G27261T (orf6: R20S),1.2820512820512822,0.0,1.2820512820512822,0.0,"[0.0, 0.0, 0.0, 0.0, 0.0, 0.0, 0.0, 0.0, 1.2820512820512822, 0.0, 0.0, 0.0, 0.0, 0.0, 0.0]",orf6,R20S
371,G27281T,G27281T (orf6: W27L),2.9411764705882355,0.0,2.9411764705882355,0.0,"[0.0, 0.0, 0.0, 0.0, 0.0, 0.0, 0.0, 0.0, 1.2820512820512822, 0.0, 0.0, 0.0, 0.0, 2.9411764705882355, 0.0]",orf6,W27L
372,T27299C,T27299C (orf6: I33T),6.557377049180328,0.0,6.557377049180328,0.0,"[0.0, 0.0, 0.0, 0.0, 0.0, 0.0, 6.557377049180328, 0.0, 2.5641025641025643, 0.0, 1.492537313432836, 0.0, 0.0, 0.0, 0.0]",orf6,I33T
373,A27300G,A27300G (orf6: I33M),6.557377049180328,0.0,6.557377049180328,0.0,"[0.0, 0.0, 0.0, 0.0, 0.0, 0.0, 6.557377049180328, 0.0, 2.5641025641025643, 0.0, 1.492537313432836, 0.0, 0.0, 0.0, 0.0]",orf6,I33M
374,C27425T,C27425T (orf7a: T11I),6.818181818181818,0.0,6.818181818181818,0.0,"[0.0, 0.0, 0.0, 0.0, 6.818181818181818, 3.896103896103896, 0.0, 0.0, 0.0, 0.0, 0.0, 0.0, 0.0, 0.0, 0.0]",orf7a,T11I
375,C27434T,C27434T (orf7a: T14I),2.9411764705882355,0.0,2.9411764705882355,0.0,"[0.0, 0.0, 0.0, 0.0, 0.0, 0.0, 0.0, 0.0, 0.0, 0.0, 0.0, 0.0, 1.2195121951219512, 2.9411764705882355, 0.0]",orf7a,T14I
376,C27454T,C27454T (orf7a: Q21*),3.278688524590164,0.0,3.278688524590164,0.0,"[0.0, 0.0, 0.0, 0.0, 0.0, 0.0, 0.0, 0.0, 0.0, 3.278688524590164, 0.0, 0.0, 0.0, 0.0, 0.0]",orf7a,Q21*
377,G27463T,G27463T (orf7a: V24F),21.311475409836067,0.0,21.311475409836067,0.0,"[0.0, 0.0, 0.0, 2.127659574468085, 0.0, 1.2987012987012987, 3.278688524590164, 1.5384615384615385, 0.0, 21.311475409836067, 0.0, 0.0, 0.0, 0.0, 0.0]",orf7a,V24F
378,G27467A,G27467A (orf7a: R25K),3.278688524590164,0.0,3.278688524590164,0.0,"[0.0, 0.0, 0.0, 0.0, 0.0, 0.0, 0.0, 0.0, 0.0, 3.278688524590164, 0.0, 0.0, 0.0, 0.0, 0.0]",orf7a,R25K
379,G27506T,G27506T (orf7a: G38V),1.5873015873015872,0.0,1.5873015873015872,0.0,"[0.0, 0.0, 0.0, 0.0, 0.0, 1.2987012987012987, 0.0, 0.0, 0.0, 0.0, 0.0, 1.5873015873015872, 0.0, 0.0, 0.0]",orf7a,G38V
380,C27509T,C27509T (orf7a: T39I),2.9411764705882355,0.0,2.9411764705882355,0.0,"[0.0, 0.0, 0.0, 0.0, 0.0, 0.0, 0.0, 0.0, 0.0, 0.0, 0.0, 0.0, 0.0, 2.9411764705882355, 0.0]",orf7a,T39I
381,A27515G,A27515G (orf7a: E41G),1.2820512820512822,0.0,1.2820512820512822,0.0,"[0.0, 0.0, 0.0, 0.0, 0.0, 0.0, 0.0, 0.0, 1.2820512820512822, 0.0, 0.0, 0.0, 0.0, 0.0, 0.0]",orf7a,E41G
382,C27577T,C27577T (orf7a: Q62*),1.2195121951219512,0.0,1.2195121951219512,0.0,"[0.0, 0.0, 0.0, 0.0, 0.0, 0.0, 0.0, 0.0, 0.0, 0.0, 0.0, 0.0, 1.2195121951219512, 0.0, 0.0]",orf7a,Q62*
383,G27598T,G27598T (orf7a: D69Y),1.5384615384615385,0.0,1.5384615384615385,0.0,"[0.0, 0.0, 0.0, 0.0, 0.0, 0.0, 0.0, 1.5384615384615385, 0.0, 0.0, 0.0, 0.0, 0.0, 0.0, 0.0]",orf7a,D69Y
384,G27637A,G27637A (orf7a: V82I),0.0,0.0,0.0,0.0,"[0.0, 0.0, 0.0, 0.0, 0.0, 0.0, 0.0, 0.0, 0.0, 0.0, 0.0, 0.0, 0.0, 0.0, 0.0]",orf7a,V82I
385,C27641T,C27641T (orf7a: S83L),13.333333333333334,0.0,13.333333333333334,0.0,"[0.0, 0.0, 13.333333333333334, 2.127659574468085, 4.545454545454546, 2.5974025974025974, 6.557377049180328, 0.0, 0.0, 1.639344262295082, 0.0, 0.0, 0.0, 2.9411764705882355, 0.0]",orf7a,S83L
386,C27643T,C27643T (orf7a: P84S),1.5873015873015872,0.0,1.5873015873015872,0.0,"[0.0, 0.0, 0.0, 0.0, 0.0, 0.0, 0.0, 0.0, 0.0, 0.0, 0.0, 1.5873015873015872, 0.0, 0.0, 0.0]",orf7a,P84S
387,C27679T,C27679T (orf7a: L96F),1.492537313432836,0.0,1.492537313432836,0.0,"[0.0, 0.0, 0.0, 0.0, 0.0, 0.0, 0.0, 0.0, 0.0, 0.0, 1.492537313432836, 0.0, 0.0, 0.0, 0.0]",orf7a,L96F
388,C27697T,C27697T (orf7a: L102F),1.2195121951219512,0.0,1.2195121951219512,0.0,"[0.0, 0.0, 0.0, 0.0, 0.0, 0.0, 0.0, 0.0, 0.0, 0.0, 0.0, 0.0, 1.2195121951219512, 0.0, 0.0]",orf7a,L102F
389,T27733C,T27733C (orf7a: F114L),2.9411764705882355,0.0,2.9411764705882355,0.0,"[0.0, 0.0, 0.0, 0.0, 0.0, 0.0, 0.0, 0.0, 0.0, 1.639344262295082, 0.0, 1.5873015873015872, 0.0, 2.9411764705882355, 0.0]",orf7a,F114L
390,G27754C,G27754C (orf7a: E121Q),1.639344262295082,0.0,1.639344262295082,0.0,"[0.0, 0.0, 0.0, 0.0, 0.0, 0.0, 0.0, 0.0, 0.0, 1.639344262295082, 1.492537313432836, 0.0, 0.0, 0.0, 0.0]",orf7a,E121Q
391,G27758T,G27758T (orf7a: *122L),2.4390243902439024,0.0,2.4390243902439024,0.0,"[0.0, 0.0, 0.0, 0.0, 0.0, 0.0, 0.0, 0.0, 0.0, 0.0, 0.0, 0.0, 2.4390243902439024, 0.0, 0.0]",orf7a,*122L
392,C27765T,C27765T (orf7b: L4F),1.5384615384615385,0.0,1.5384615384615385,0.0,"[0.0, 0.0, 0.0, 0.0, 0.0, 0.0, 0.0, 1.5384615384615385, 0.0, 0.0, 0.0, 0.0, 0.0, 0.0, 0.0]",orf7b,L4F
393,A27797T,A27797T (orf7b: L14F),1.2987012987012987,0.0,1.2987012987012987,0.0,"[0.0, 0.0, 0.0, 0.0, 0.0, 1.2987012987012987, 0.0, 0.0, 0.0, 0.0, 0.0, 0.0, 0.0, 0.0, 0.0]",orf7b,L14F
394,T27802G,T27802G (orf7b: F16C),2.9411764705882355,0.0,2.9411764705882355,0.0,"[0.0, 0.0, 0.0, 0.0, 0.0, 0.0, 0.0, 0.0, 0.0, 0.0, 0.0, 0.0, 0.0, 2.9411764705882355, 0.0]",orf7b,F16C
395,A27873C,A27873C (orf7b: T40P),1.639344262295082,0.0,1.639344262295082,0.0,"[0.0, 0.0, 0.0, 0.0, 0.0, 0.0, 1.639344262295082, 0.0, 0.0, 0.0, 0.0, 0.0, 0.0, 0.0, 0.0]",orf7b,T40P
396,G27877T,G27877T (orf7b: C41F),1.2820512820512822,0.0,1.2820512820512822,0.0,"[0.0, 0.0, 0.0, 0.0, 0.0, 0.0, 0.0, 0.0, 1.2820512820512822, 0.0, 0.0, 0.0, 0.0, 0.0, 0.0]",orf7b,C41F
397,C27879T,C27879T (orf7b: H42Y),1.5873015873015872,0.0,1.5873015873015872,0.0,"[0.0, 0.0, 0.0, 0.0, 0.0, 0.0, 0.0, 0.0, 0.0, 0.0, 0.0, 1.5873015873015872, 0.0, 0.0, 0.0]",orf7b,H42Y
398,A27880C,A27880C (orf7b: H42P),1.639344262295082,0.0,1.639344262295082,0.0,"[0.0, 0.0, 0.0, 0.0, 0.0, 0.0, 1.639344262295082, 0.0, 0.0, 0.0, 0.0, 0.0, 0.0, 0.0, 0.0]",orf7b,H42P
399,A27880G,A27880G (orf7b: H42R),1.2820512820512822,0.0,1.2820512820512822,0.0,"[0.0, 0.0, 0.0, 0.0, 0.0, 0.0, 0.0, 0.0, 1.2820512820512822, 0.0, 0.0, 0.0, 0.0, 0.0, 0.0]",orf7b,H42R
400,T27885C,T27885C (orf7b: *44Q),1.639344262295082,0.0,1.639344262295082,0.0,"[0.0, 0.0, 0.0, 0.0, 0.0, 0.0, 1.639344262295082, 0.0, 0.0, 0.0, 0.0, 0.0, 0.0, 0.0, 0.0]",orf7b,*44Q
401,A27886T,A27886T (orf7b: *44L),1.2820512820512822,0.0,1.2820512820512822,0.0,"[0.0, 0.0, 0.0, 0.0, 0.0, 0.0, 0.0, 0.0, 1.2820512820512822, 0.0, 0.0, 0.0, 0.0, 0.0, 0.0]",orf7b,*44L
402,A27887C,A27887C (orf7b: *44Y),1.639344262295082,0.0,1.639344262295082,0.0,"[0.0, 0.0, 0.0, 0.0, 0.0, 0.0, 1.639344262295082, 0.0, 0.0, 0.0, 0.0, 0.0, 0.0, 0.0, 0.0]",orf7b,*44Y
403,A27894T,A27894T (orf8: M1L),1.2820512820512822,0.0,1.2820512820512822,0.0,"[0.0, 0.0, 0.0, 0.0, 0.0, 0.0, 0.0, 0.0, 1.2820512820512822, 0.0, 0.0, 0.0, 0.0, 0.0, 0.0]",orf8,M1L
404,G27896T,G27896T (orf8: M1I),1.2820512820512822,0.0,1.2820512820512822,0.0,"[0.0, 0.0, 0.0, 0.0, 0.0, 0.0, 0.0, 0.0, 1.2820512820512822, 0.0, 0.0, 0.0, 0.0, 0.0, 0.0]",orf8,M1I
405,A27898C,A27898C (orf8: K2T),1.639344262295082,0.0,1.639344262295082,0.0,"[0.0, 0.0, 0.0, 0.0, 0.0, 0.0, 1.639344262295082, 0.0, 0.0, 0.0, 0.0, 0.0, 0.0, 0.0, 0.0]",orf8,K2T
406,A27959T,A27959T (orf8: L22F),1.5384615384615385,0.0,1.5384615384615385,0.0,"[0.0, 0.0, 0.0, 0.0, 0.0, 0.0, 0.0, 1.5384615384615385, 0.0, 0.0, 0.0, 0.0, 0.0, 0.0, 0.0]",orf8,L22F
407,A27961C,A27961C (orf8: Q23P),1.5384615384615385,0.0,1.5384615384615385,0.0,"[0.0, 0.0, 0.0, 0.0, 0.0, 0.0, 0.0, 1.5384615384615385, 0.0, 0.0, 0.0, 0.0, 0.0, 0.0, 0.0]",orf8,Q23P
408,G27962T,G27962T (orf8: Q23H),1.5384615384615385,0.0,1.5384615384615385,0.0,"[0.0, 0.0, 0.0, 0.0, 0.0, 0.0, 0.0, 1.5384615384615385, 0.0, 0.0, 0.0, 0.0, 0.0, 0.0, 0.0]",orf8,Q23H
409,C27970A,C27970A (orf8: T26N),1.5384615384615385,0.0,1.5384615384615385,0.0,"[0.0, 0.0, 0.0, 0.0, 0.0, 0.0, 0.0, 1.5384615384615385, 0.0, 0.0, 0.0, 0.0, 0.0, 0.0, 0.0]",orf8,T26N
410,C27972G,C27972G (orf8: Q27E),1.5384615384615385,0.0,1.5384615384615385,0.0,"[0.0, 0.0, 0.0, 0.0, 0.0, 0.0, 0.0, 1.5384615384615385, 0.0, 0.0, 0.0, 0.0, 0.0, 0.0, 0.0]",orf8,Q27E
411,C27972T,C27972T (orf8: Q27*),11.764705882352942,0.0,11.764705882352942,0.0,"[0.0, 0.0, 0.0, 0.0, 2.272727272727273, 0.0, 3.278688524590164, 1.5384615384615385, 3.8461538461538463, 0.0, 0.0, 11.11111111111111, 2.4390243902439024, 11.764705882352942, 0.0]",orf8,Q27*
412,A27979G,A27979G (orf8: Q29R),1.5384615384615385,0.0,1.5384615384615385,0.0,"[0.0, 0.0, 0.0, 0.0, 0.0, 0.0, 0.0, 1.5384615384615385, 0.0, 0.0, 0.0, 0.0, 0.0, 0.0, 0.0]",orf8,Q29R
413,A27980T,A27980T (orf8: Q29H),1.5384615384615385,0.0,1.5384615384615385,0.0,"[0.0, 0.0, 0.0, 0.0, 0.0, 0.0, 0.0, 1.5384615384615385, 0.0, 0.0, 0.0, 0.0, 0.0, 0.0, 0.0]",orf8,Q29H
414,C27981G,C27981G (orf8: P30A),1.5384615384615385,0.0,1.5384615384615385,0.0,"[0.0, 0.0, 0.0, 0.0, 0.0, 0.0, 0.0, 1.5384615384615385, 0.0, 0.0, 0.0, 0.0, 0.0, 0.0, 0.0]",orf8,P30A
415,G27987A,G27987A (orf8: V32I),1.639344262295082,0.0,1.639344262295082,0.0,"[0.0, 0.0, 0.0, 0.0, 0.0, 0.0, 1.639344262295082, 0.0, 0.0, 0.0, 0.0, 0.0, 0.0, 0.0, 0.0]",orf8,V32I
416,C28000T,C28000T (orf8: P36L),1.639344262295082,0.0,1.639344262295082,0.0,"[0.0, 0.0, 0.0, 0.0, 0.0, 0.0, 1.639344262295082, 0.0, 0.0, 0.0, 0.0, 0.0, 0.0, 0.0, 0.0]",orf8,P36L
417,G28003T,G28003T (orf8: C37F),1.5384615384615385,0.0,1.5384615384615385,0.0,"[0.0, 0.0, 0.0, 0.0, 0.0, 0.0, 0.0, 1.5384615384615385, 0.0, 0.0, 0.0, 0.0, 0.0, 0.0, 0.0]",orf8,C37F
418,T28009C,T28009C (orf8: I39T),2.5641025641025643,0.0,2.5641025641025643,0.0,"[0.0, 0.0, 0.0, 0.0, 2.272727272727273, 0.0, 0.0, 0.0, 2.5641025641025643, 0.0, 0.0, 0.0, 0.0, 0.0, 0.0]",orf8,I39T
419,A28032G,A28032G (orf8: I47V),1.2987012987012987,0.0,1.2987012987012987,0.0,"[0.0, 0.0, 0.0, 0.0, 0.0, 1.2987012987012987, 0.0, 0.0, 0.0, 0.0, 0.0, 0.0, 0.0, 0.0, 0.0]",orf8,I47V
420,G28048T,G28048T (orf8: R52I),11.764705882352942,0.0,11.764705882352942,0.0,"[0.0, 0.0, 0.0, 0.0, 2.272727272727273, 0.0, 3.278688524590164, 1.5384615384615385, 1.2820512820512822, 0.0, 0.0, 11.11111111111111, 2.4390243902439024, 11.764705882352942, 0.0]",orf8,R52I
421,C28076G,C28076G (orf8: C61W),5.882352941176471,0.0,5.882352941176471,0.0,"[0.0, 0.0, 0.0, 0.0, 0.0, 0.0, 0.0, 0.0, 0.0, 0.0, 0.0, 0.0, 0.0, 5.882352941176471, 0.0]",orf8,C61W
422,G28077T,G28077T (orf8: V62L),5.882352941176471,0.0,5.882352941176471,0.0,"[0.0, 0.0, 0.0, 0.0, 0.0, 0.0, 0.0, 0.0, 0.0, 0.0, 0.0, 0.0, 0.0, 5.882352941176471, 0.0]",orf8,V62L
423,T28078G,T28078G (orf8: V62G),5.882352941176471,0.0,5.882352941176471,0.0,"[0.0, 0.0, 0.0, 0.0, 0.0, 0.0, 0.0, 0.0, 0.0, 0.0, 0.0, 0.0, 0.0, 5.882352941176471, 0.0]",orf8,V62G
424,G28080T,G28080T (orf8: D63Y),5.882352941176471,0.0,5.882352941176471,0.0,"[0.0, 0.0, 0.0, 0.0, 0.0, 0.0, 0.0, 0.0, 0.0, 0.0, 0.0, 0.0, 0.0, 5.882352941176471, 0.0]",orf8,D63Y
425,A28081G,A28081G (orf8: D63G),2.9411764705882355,0.0,2.9411764705882355,0.0,"[0.0, 0.0, 0.0, 0.0, 0.0, 0.0, 0.0, 0.0, 0.0, 0.0, 0.0, 0.0, 0.0, 2.9411764705882355, 0.0]",orf8,D63G
426,C28087T,C28087T (orf8: A65V),9.090909090909092,9.090909090909092,9.090909090909092,0.0,"[0.0, 0.0, 0.0, 0.0, 0.0, 0.0, 0.0, 0.0, 0.0, 0.0, 0.0, 0.0, 0.0, 0.0, 9.090909090909092]",orf8,A65V
427,C28093T,C28093T (orf8: S67F),4.918032786885246,0.0,4.918032786885246,0.0,"[0.0, 0.0, 0.0, 0.0, 0.0, 0.0, 0.0, 3.076923076923077, 2.5641025641025643, 4.918032786885246, 0.0, 1.5873015873015872, 2.4390243902439024, 2.9411764705882355, 0.0]",orf8,S67F
428,A28095T,A28095T (orf8: K68*),1.639344262295082,0.0,1.639344262295082,0.0,"[0.0, 0.0, 0.0, 0.0, 0.0, 0.0, 1.639344262295082, 0.0, 0.0, 0.0, 0.0, 1.5873015873015872, 0.0, 0.0, 0.0]",orf8,K68*
429,A28111G,A28111G (orf8: Y73C),3.278688524590164,0.0,3.278688524590164,0.0,"[0.0, 0.0, 0.0, 0.0, 0.0, 0.0, 3.278688524590164, 1.5384615384615385, 1.2820512820512822, 0.0, 0.0, 0.0, 0.0, 2.9411764705882355, 0.0]",orf8,Y73C
430,G28122T,G28122T (orf8: G77C),1.5873015873015872,0.0,1.5873015873015872,0.0,"[0.0, 0.0, 0.0, 0.0, 0.0, 0.0, 0.0, 0.0, 0.0, 0.0, 1.492537313432836, 1.5873015873015872, 0.0, 0.0, 0.0]",orf8,G77C
431,T28251C,T28251C (orf8: F120L),1.2820512820512822,0.0,1.2820512820512822,0.0,"[0.0, 0.0, 0.0, 0.0, 0.0, 0.0, 0.0, 0.0, 1.2820512820512822, 0.0, 0.0, 0.0, 0.0, 0.0, 0.0]",orf8,F120L
432,G28280T,G28280T (N: D3Y),1.492537313432836,0.0,1.492537313432836,0.0,"[0.0, 0.0, 0.0, 0.0, 0.0, 0.0, 0.0, 0.0, 0.0, 0.0, 1.492537313432836, 0.0, 0.0, 0.0, 0.0]",N,D3Y
433,G28286A,G28286A (N: G5R),1.2987012987012987,0.0,1.2987012987012987,0.0,"[0.0, 0.0, 0.0, 0.0, 0.0, 1.2987012987012987, 0.0, 0.0, 0.0, 0.0, 0.0, 0.0, 0.0, 0.0, 0.0]",N,G5R
434,C28290T,C28290T (N: P6L),2.272727272727273,0.0,2.272727272727273,0.0,"[0.0, 0.0, 0.0, 0.0, 2.272727272727273, 0.0, 0.0, 0.0, 0.0, 0.0, 0.0, 0.0, 0.0, 0.0, 0.0]",N,P6L
435,G28302A,G28302A (N: R10Q),2.9411764705882355,0.0,2.9411764705882355,0.0,"[0.0, 0.0, 0.0, 0.0, 0.0, 0.0, 0.0, 0.0, 0.0, 0.0, 0.0, 0.0, 0.0, 2.9411764705882355, 0.0]",N,R10Q
436,C28310T,C28310T (N: P13S),2.5974025974025974,0.0,2.5974025974025974,0.0,"[0.0, 0.0, 0.0, 0.0, 0.0, 2.5974025974025974, 0.0, 0.0, 0.0, 0.0, 0.0, 0.0, 0.0, 0.0, 0.0]",N,P13S
437,G28514C,G28514C (N: D81H),1.639344262295082,0.0,1.639344262295082,0.0,"[0.0, 0.0, 0.0, 0.0, 0.0, 0.0, 1.639344262295082, 0.0, 0.0, 0.0, 0.0, 0.0, 0.0, 0.0, 0.0]",N,D81H
438,C28638T,C28638T (N: P122L),1.492537313432836,0.0,1.492537313432836,0.0,"[0.0, 0.0, 0.0, 0.0, 0.0, 0.0, 0.0, 0.0, 0.0, 0.0, 1.492537313432836, 0.0, 0.0, 0.0, 0.0]",N,P122L
439,A28653C,A28653C (N: K127T),1.5384615384615385,0.0,1.5384615384615385,0.0,"[0.0, 0.0, 0.0, 0.0, 0.0, 0.0, 0.0, 1.5384615384615385, 0.0, 0.0, 0.0, 0.0, 0.0, 0.0, 0.0]",N,K127T
440,C28677T,C28677T (N: T135I),2.272727272727273,0.0,2.272727272727273,0.0,"[0.0, 0.0, 0.0, 0.0, 2.272727272727273, 0.0, 0.0, 0.0, 0.0, 0.0, 0.0, 0.0, 0.0, 0.0, 0.0]",N,T135I
441,C28775T,C28775T (N: P168S),1.2820512820512822,0.0,1.2820512820512822,0.0,"[0.0, 0.0, 0.0, 0.0, 0.0, 0.0, 0.0, 0.0, 1.2820512820512822, 0.0, 0.0, 0.0, 0.0, 0.0, 0.0]",N,P168S
442,G28817T,G28817T (N: A182S),3.278688524590164,0.0,3.278688524590164,0.0,"[0.0, 0.0, 0.0, 0.0, 0.0, 0.0, 0.0, 0.0, 0.0, 3.278688524590164, 0.0, 0.0, 0.0, 2.9411764705882355, 0.0]",N,A182S
443,C28826T,C28826T (N: R185C),3.278688524590164,0.0,3.278688524590164,0.0,"[0.0, 0.0, 0.0, 0.0, 2.272727272727273, 1.2987012987012987, 3.278688524590164, 0.0, 0.0, 0.0, 0.0, 0.0, 0.0, 0.0, 0.0]",N,R185C
444,C28854T,C28854T (N: S194L),21.311475409836067,0.0,21.311475409836067,0.0,"[0.0, 0.0, 0.0, 2.127659574468085, 0.0, 1.2987012987012987, 0.0, 0.0, 0.0, 21.311475409836067, 0.0, 0.0, 0.0, 0.0, 0.0]",N,S194L
445,C28868T,C28868T (N: P199S),2.5641025641025643,0.0,2.5641025641025643,0.0,"[0.0, 0.0, 0.0, 0.0, 0.0, 0.0, 0.0, 0.0, 2.5641025641025643, 0.0, 0.0, 0.0, 0.0, 0.0, 0.0]",N,P199S
446,G28871T,G28871T (N: G200C),3.1746031746031744,0.0,3.1746031746031744,0.0,"[0.0, 0.0, 0.0, 0.0, 0.0, 0.0, 0.0, 0.0, 0.0, 0.0, 0.0, 3.1746031746031744, 0.0, 0.0, 0.0]",N,G200C
447,G28903T,G28903T (N: M210I),5.970149253731344,0.0,5.970149253731344,0.0,"[0.0, 0.0, 0.0, 0.0, 0.0, 0.0, 0.0, 0.0, 0.0, 0.0, 5.970149253731344, 3.1746031746031744, 2.4390243902439024, 0.0, 0.0]",N,M210I
448,A28911G,A28911G (N: N213S),0.0,0.0,0.0,0.0,"[0.0, 0.0, 0.0, 0.0, 0.0, 0.0, 0.0, 0.0, 0.0, 0.0, 0.0, 0.0, 0.0, 0.0, 0.0]",N,N213S
449,G28916A,G28916A (N: G215S),27.272727272727273,27.272727272727273,27.272727272727273,0.0,"[0.0, 0.0, 0.0, 0.0, 0.0, 0.0, 0.0, 0.0, 0.0, 0.0, 0.0, 0.0, 0.0, 0.0, 27.272727272727273]",N,G215S
450,G28931T,G28931T (N: A220S),66.66666666666667,7.272727272727273,66.66666666666667,20.0,"[20.0, 0.0, 0.0, 6.382978723404255, 2.272727272727273, 9.090909090909092, 34.42622950819672, 38.46153846153846, 42.30769230769231, 22.950819672131146, 52.23880597014925, 66.66666666666667, 47.5609756097561, 44.11764705882353, 27.272727272727273]",N,A220S
451,G28936T,G28936T (N: L221F),49.20634920634921,0.0,49.20634920634921,0.0,"[0.0, 0.0, 0.0, 2.127659574468085, 2.272727272727273, 5.194805194805195, 29.508196721311474, 36.92307692307692, 41.02564102564103, 19.672131147540984, 44.776119402985074, 49.20634920634921, 31.70731707317073, 32.35294117647059, 0.0]",N,L221F
452,G28960T,G28960T (N: Q229H),0.0,0.0,0.0,0.0,"[0.0, 0.0, 0.0, 0.0, 0.0, 0.0, 0.0, 0.0, 0.0, 0.0, 0.0, 0.0, 0.0, 0.0, 0.0]",N,Q229H
453,G29001T,G29001T (N: G243V),1.2195121951219512,0.0,1.2195121951219512,0.0,"[0.0, 0.0, 0.0, 0.0, 0.0, 0.0, 0.0, 0.0, 0.0, 0.0, 0.0, 0.0, 1.2195121951219512, 0.0, 0.0]",N,G243V
454,A29012T,A29012T (N: T247S),1.639344262295082,0.0,1.639344262295082,0.0,"[0.0, 0.0, 0.0, 0.0, 0.0, 0.0, 1.639344262295082, 0.0, 0.0, 0.0, 0.0, 0.0, 0.0, 0.0, 0.0]",N,T247S
455,C29067T,C29067T (N: T265I),12.195121951219512,0.0,12.195121951219512,0.0,"[0.0, 0.0, 0.0, 0.0, 0.0, 0.0, 0.0, 0.0, 0.0, 0.0, 4.477611940298507, 6.349206349206349, 12.195121951219512, 0.0, 0.0]",N,T265I
456,G29081T,G29081T (N: V270L),1.5873015873015872,0.0,1.5873015873015872,0.0,"[0.0, 0.0, 0.0, 0.0, 0.0, 0.0, 0.0, 0.0, 0.0, 0.0, 0.0, 1.5873015873015872, 0.0, 0.0, 0.0]",N,V270L
457,C29160T,C29160T (N: T296I),1.5873015873015872,0.0,1.5873015873015872,0.0,"[0.0, 0.0, 0.0, 0.0, 0.0, 0.0, 0.0, 0.0, 0.0, 0.0, 0.0, 1.5873015873015872, 0.0, 0.0, 0.0]",N,T296I
458,A29191T,A29191T (N: Q306H),27.272727272727273,27.272727272727273,27.272727272727273,0.0,"[0.0, 0.0, 0.0, 0.0, 0.0, 0.0, 0.0, 0.0, 0.0, 0.0, 1.492537313432836, 3.1746031746031744, 9.75609756097561, 5.882352941176471, 27.272727272727273]",N,Q306H
459,G29266T,G29266T (N: L331F),27.272727272727273,27.272727272727273,27.272727272727273,0.0,"[0.0, 0.0, 0.0, 0.0, 0.0, 0.0, 0.0, 0.0, 0.0, 0.0, 0.0, 1.5873015873015872, 2.4390243902439024, 0.0, 27.272727272727273]",N,L331F
460,G29300C,G29300C (N: D343H),6.666666666666667,0.0,6.666666666666667,0.0,"[0.0, 0.0, 6.666666666666667, 0.0, 0.0, 0.0, 0.0, 0.0, 0.0, 0.0, 0.0, 0.0, 0.0, 0.0, 0.0]",N,D343H
461,C29304A,C29304A (N: P344Q),3.1746031746031744,0.0,3.1746031746031744,0.0,"[0.0, 0.0, 0.0, 0.0, 0.0, 0.0, 0.0, 0.0, 0.0, 0.0, 0.0, 3.1746031746031744, 0.0, 0.0, 0.0]",N,P344Q
462,G29329T,G29329T (N: L352F),1.2987012987012987,0.0,1.2987012987012987,0.0,"[0.0, 0.0, 0.0, 0.0, 0.0, 1.2987012987012987, 0.0, 0.0, 0.0, 0.0, 0.0, 0.0, 0.0, 0.0, 0.0]",N,L352F
463,C29370T,C29370T (N: T366I),2.272727272727273,0.0,2.272727272727273,0.0,"[0.0, 0.0, 0.0, 0.0, 2.272727272727273, 1.2987012987012987, 1.639344262295082, 0.0, 0.0, 0.0, 0.0, 0.0, 0.0, 0.0, 0.0]",N,T366I
464,G29392T,G29392T (N: K373N),1.639344262295082,0.0,1.639344262295082,0.0,"[0.0, 0.0, 0.0, 0.0, 0.0, 0.0, 0.0, 0.0, 0.0, 1.639344262295082, 0.0, 0.0, 0.0, 0.0, 0.0]",N,K373N
465,G29402T,G29402T (N: D377Y),1.5873015873015872,0.0,1.5873015873015872,0.0,"[0.0, 0.0, 0.0, 0.0, 0.0, 0.0, 0.0, 0.0, 0.0, 0.0, 1.492537313432836, 1.5873015873015872, 0.0, 0.0, 0.0]",N,D377Y
466,G29405C,G29405C (N: E378Q),1.639344262295082,0.0,1.639344262295082,0.0,"[0.0, 0.0, 0.0, 0.0, 0.0, 0.0, 0.0, 0.0, 0.0, 1.639344262295082, 0.0, 0.0, 0.0, 0.0, 0.0]",N,E378Q
467,G29513T,G29513T (N: A414S),1.639344262295082,0.0,1.639344262295082,0.0,"[0.0, 0.0, 0.0, 0.0, 0.0, 0.0, 0.0, 0.0, 0.0, 1.639344262295082, 0.0, 0.0, 0.0, 0.0, 0.0]",N,A414S
468,C29520T,C29520T (N: S416L),1.492537313432836,0.0,1.492537313432836,0.0,"[0.0, 0.0, 0.0, 0.0, 0.0, 0.0, 0.0, 0.0, 0.0, 0.0, 1.492537313432836, 0.0, 0.0, 0.0, 0.0]",N,S416L
469,C29523T,C29523T (N: T417I),1.5873015873015872,0.0,1.5873015873015872,0.0,"[0.0, 0.0, 0.0, 0.0, 0.0, 0.0, 0.0, 0.0, 0.0, 0.0, 0.0, 1.5873015873015872, 0.0, 0.0, 0.0]",N,T417I
470,A29558G,A29558G (orf10: M1V),0.0,0.0,0.0,0.0,"[0.0, 0.0, 0.0, 0.0, 0.0, 0.0, 0.0, 0.0, 0.0, 0.0, 0.0, 0.0, 0.0, 0.0, 0.0]",orf10,M1V
471,G29579T,G29579T (orf10: A8S),2.9411764705882355,0.0,2.9411764705882355,0.0,"[0.0, 0.0, 0.0, 0.0, 0.0, 0.0, 0.0, 0.0, 0.0, 0.0, 0.0, 0.0, 0.0, 2.9411764705882355, 0.0]",orf10,A8S
472,T29588C,T29588C (orf10: F11L),1.2195121951219512,0.0,1.2195121951219512,0.0,"[0.0, 0.0, 0.0, 0.0, 0.0, 0.0, 0.0, 0.0, 0.0, 0.0, 0.0, 0.0, 1.2195121951219512, 0.0, 0.0]",orf10,F11L
473,C29625T,C29625T (orf10: S23F),1.639344262295082,0.0,1.639344262295082,0.0,"[0.0, 0.0, 0.0, 0.0, 0.0, 0.0, 1.639344262295082, 0.0, 0.0, 0.0, 0.0, 0.0, 0.0, 0.0, 0.0]",orf10,S23F
474,C29640T,C29640T (orf10: A28V),1.492537313432836,0.0,1.492537313432836,0.0,"[0.0, 0.0, 0.0, 0.0, 0.0, 0.0, 0.0, 0.0, 0.0, 0.0, 1.492537313432836, 0.0, 0.0, 0.0, 0.0]",orf10,A28V
475,C29642T,C29642T (orf10: Q29*),2.127659574468085,0.0,2.127659574468085,0.0,"[0.0, 0.0, 0.0, 2.127659574468085, 0.0, 0.0, 0.0, 0.0, 0.0, 0.0, 0.0, 0.0, 0.0, 0.0, 0.0]",orf10,Q29*
476,C29666T,C29666T (orf10: L37F),5.882352941176471,0.0,5.882352941176471,0.0,"[0.0, 0.0, 0.0, 0.0, 0.0, 0.0, 0.0, 0.0, 0.0, 0.0, 0.0, 0.0, 0.0, 5.882352941176471, 0.0]",orf10,L37F
